,date,Month,Year
0,2012-01-01,1,2012
1,2012-02-01,2,2012
2,2012-03-01,3,2012
3,2012-04-01,4,2012
4,2012-05-01,5,2012
5,2012-06-01,6,2012
6,2012-07-01,7,2012
7,2012-08-01,8,2012
8,2012-09-01,9,2012
9,2012-10-01,10,2012
10,2012-11-01,11,2012
11,2012-12-01,12,2012
12,2013-01-01,1,2013
13,2013-02-01,2,2013
14,2013-03-01,3,2013
15,2013-04-01,4,2013
16,2013-05-01,5,2013
17,2013-06-01,6,2013
18,2013-07-01,7,2013
19,2013-08-01,8,2013
20,2013-09-01,9,2013
21,2013-10-01,10,2013
22,2013-11-01,11,2013
23,2013-12-01,12,2013
24,2014-01-01,1,2014
25,2014-02-01,2,2014
26,2014-03-01,3,2014
27,2014-04-01,4,2014
28,2014-05-01,5,2014
29,2014-06-01,6,2014
30,2014-07-01,7,2014
31,2014-08-01,8,2014
32,2014-09-01,9,2014
33,2014-10-01,10,2014
34,2014-11-01,11,2014
35,2014-12-01,12,2014
36,2015-01-01,1,2015
37,2015-02-01,2,2015
38,2015-03-01,3,2015
39,2015-04-01,4,2015
40,2015-05-01,5,2015
41,2015-06-01,6,2015
42,2015-07-01,7,2015
43,2015-08-01,8,2015
44,2015-09-01,9,2015
45,2015-10-01,10,2015
46,2015-11-01,11,2015
47,2015-12-01,12,2015
48,2016-01-01,1,2016
49,2016-02-01,2,2016
50,2016-03-01,3,2016
51,2016-04-01,4,2016
52,2016-05-01,5,2016
53,2016-06-01,6,2016
54,2016-07-01,7,2016
55,2016-08-01,8,2016
56,2016-09-01,9,2016
57,2016-10-01,10,2016
58,2016-11-01,11,2016
59,2016-12-01,12,2016
60,2017-01-01,1,2017
61,2017-02-01,2,2017
62,2017-03-01,3,2017
63,2017-04-01,4,2017
64,2017-05-01,5,2017
65,2017-06-01,6,2017
66,2017-07-01,7,2017
67,2017-08-01,8,2017
68,2017-09-01,9,2017
69,2017-10-01,10,2017
70,2017-11-01,11,2017
71,2017-12-01,12,2017
72,2018-01-01,1,2018
73,2018-02-01,2,2018
74,2018-03-01,3,2018
75,2018-04-01,4,2018
76,2018-05-01,5,2018
77,2018-06-01,6,2018
78,2018-07-01,7,2018
79,2018-08-01,8,2018
80,2018-09-01,9,2018
81,2018-10-01,10,2018
82,2018-11-01,11,2018
83,2018-12-01,12,2018
84,2019-01-01,1,2019
85,2019-02-01,2,2019
86,2019-03-01,3,2019
87,2019-04-01,4,2019
88,2019-05-01,5,2019
89,2019-06-01,6,2019
90,2019-07-01,7,2019
91,2019-08-01,8,2019
92,2019-09-01,9,2019
93,2019-10-01,10,2019
94,2019-11-01,11,2019
95,2019-12-01,12,2019
96,2020-01-01,1,2020
97,2020-02-01,2,2020
98,2020-03-01,3,2020
99,2020-04-01,4,2020
100,2020-05-01,5,2020
101,2020-06-01,6,2020
102,2020-07-01,7,2020
103,2020-08-01,8,2020
104,2020-09-01,9,2020
105,2020-10-01,10,2020
106,2020-11-01,11,2020
107,2020-12-01,12,2020
108,2021-01-01,1,2021
109,2021-02-01,2,2021
110,2021-03-01,3,2021
111,2021-04-01,4,2021
112,2021-05-01,5,2021
113,2021-06-01,6,2021
114,2021-07-01,7,2021
115,2021-08-01,8,2021
116,2021-09-01,9,2021
117,2021-10-01,10,2021
118,2021-11-01,11,2021
119,2021-12-01,12,2021
120,2022-01-01,1,2022
121,2022-02-01,2,2022
122,2022-03-01,3,2022
123,2022-04-01,4,2022
124,2022-05-01,5,2022
125,2022-06-01,6,2022
126,2022-07-01,7,2022
127,2022-08-01,8,2022
128,2022-09-01,9,2022
129,2022-10-01,10,2022
130,2022-11-01,11,2022
131,2022-12-01,12,2022
132,2023-01-01,1,2023
133,2023-02-01,2,2023
134,2012-01-01,1,2012
135,2012-02-01,2,2012
136,2012-03-01,3,2012
137,2012-04-01,4,2012
138,2012-05-01,5,2012
139,2012-06-01,6,2012
140,2012-07-01,7,2012
141,2012-08-01,8,2012
142,2012-09-01,9,2012
143,2012-10-01,10,2012
144,2012-11-01,11,2012
145,2012-12-01,12,2012
146,2013-01-01,1,2013
147,2013-02-01,2,2013
148,2013-03-01,3,2013
149,2013-04-01,4,2013
150,2013-05-01,5,2013
151,2013-06-01,6,2013
152,2013-07-01,7,2013
153,2013-08-01,8,2013
154,2013-09-01,9,2013
155,2013-10-01,10,2013
156,2013-11-01,11,2013
157,2013-12-01,12,2013
158,2014-01-01,1,2014
159,2014-02-01,2,2014
160,2014-03-01,3,2014
161,2014-04-01,4,2014
162,2014-05-01,5,2014
163,2014-06-01,6,2014
164,2014-07-01,7,2014
165,2014-08-01,8,2014
166,2014-09-01,9,2014
167,2014-10-01,10,2014
168,2014-11-01,11,2014
169,2014-12-01,12,2014
170,2015-01-01,1,2015
171,2015-02-01,2,2015
172,2015-03-01,3,2015
173,2015-04-01,4,2015
174,2015-05-01,5,2015
175,2015-06-01,6,2015
176,2015-07-01,7,2015
177,2015-08-01,8,2015
178,2015-09-01,9,2015
179,2015-10-01,10,2015
180,2015-11-01,11,2015
181,2015-12-01,12,2015
182,2016-01-01,1,2016
183,2016-02-01,2,2016
184,2016-03-01,3,2016
185,2016-04-01,4,2016
186,2016-05-01,5,2016
187,2016-06-01,6,2016
188,2016-07-01,7,2016
189,2016-08-01,8,2016
190,2016-09-01,9,2016
191,2016-10-01,10,2016
192,2016-11-01,11,2016
193,2016-12-01,12,2016
194,2017-01-01,1,2017
195,2017-02-01,2,2017
196,2017-03-01,3,2017
197,2017-04-01,4,2017
198,2017-05-01,5,2017
199,2017-06-01,6,2017
200,2017-07-01,7,2017
201,2017-08-01,8,2017
202,2017-09-01,9,2017
203,2017-10-01,10,2017
204,2017-11-01,11,2017
205,2017-12-01,12,2017
206,2018-01-01,1,2018
207,2018-02-01,2,2018
208,2018-03-01,3,2018
209,2018-04-01,4,2018
210,2018-05-01,5,2018
211,2018-06-01,6,2018
212,2018-07-01,7,2018
213,2018-08-01,8,2018
214,2018-09-01,9,2018
215,2018-10-01,10,2018
216,2018-11-01,11,2018
217,2018-12-01,12,2018
218,2019-01-01,1,2019
219,2019-02-01,2,2019
220,2019-03-01,3,2019
221,2019-04-01,4,2019
222,2019-05-01,5,2019
223,2019-06-01,6,2019
224,2019-07-01,7,2019
225,2019-08-01,8,2019
226,2019-09-01,9,2019
227,2019-10-01,10,2019
228,2019-11-01,11,2019
229,2019-12-01,12,2019
230,2020-01-01,1,2020
231,2020-02-01,2,2020
232,2020-03-01,3,2020
233,2020-04-01,4,2020
234,2020-05-01,5,2020
235,2020-06-01,6,2020
236,2020-07-01,7,2020
237,2020-08-01,8,2020
238,2020-09-01,9,2020
239,2020-10-01,10,2020
240,2020-11-01,11,2020
241,2020-12-01,12,2020
242,2021-01-01,1,2021
243,2021-02-01,2,2021
244,2021-03-01,3,2021
245,2021-04-01,4,2021
246,2021-05-01,5,2021
247,2021-06-01,6,2021
248,2021-07-01,7,2021
249,2021-08-01,8,2021
250,2021-09-01,9,2021
251,2021-10-01,10,2021
252,2021-11-01,11,2021
253,2021-12-01,12,2021
254,2022-01-01,1,2022
255,2022-02-01,2,2022
256,2022-03-01,3,2022
257,2022-04-01,4,2022
258,2022-05-01,5,2022
259,2022-06-01,6,2022
260,2022-07-01,7,2022
261,2022-08-01,8,2022
262,2022-09-01,9,2022
263,2022-10-01,10,2022
264,2022-11-01,11,2022
265,2022-12-01,12,2022
266,2023-01-01,1,2023
267,2023-02-01,2,2023
268,2012-01-01,1,2012
269,2012-02-01,2,2012
270,2012-03-01,3,2012
271,2012-04-01,4,2012
272,2012-05-01,5,2012
273,2012-06-01,6,2012
274,2012-07-01,7,2012
275,2012-08-01,8,2012
276,2012-09-01,9,2012
277,2012-10-01,10,2012
278,2012-11-01,11,2012
279,2012-12-01,12,2012
280,2013-01-01,1,2013
281,2013-02-01,2,2013
282,2013-03-01,3,2013
283,2013-04-01,4,2013
284,2013-05-01,5,2013
285,2013-06-01,6,2013
286,2013-07-01,7,2013
287,2013-08-01,8,2013
288,2013-09-01,9,2013
289,2013-10-01,10,2013
290,2013-11-01,11,2013
291,2013-12-01,12,2013
292,2014-01-01,1,2014
293,2014-02-01,2,2014
294,2014-03-01,3,2014
295,2014-04-01,4,2014
296,2014-05-01,5,2014
297,2014-06-01,6,2014
298,2014-07-01,7,2014
299,2014-08-01,8,2014
300,2014-09-01,9,2014
301,2014-10-01,10,2014
302,2014-11-01,11,2014
303,2014-12-01,12,2014
304,2015-01-01,1,2015
305,2015-02-01,2,2015
306,2015-03-01,3,2015
307,2015-04-01,4,2015
308,2015-05-01,5,2015
309,2015-06-01,6,2015
310,2015-07-01,7,2015
311,2015-08-01,8,2015
312,2015-09-01,9,2015
313,2015-10-01,10,2015
314,2015-11-01,11,2015
315,2015-12-01,12,2015
316,2016-01-01,1,2016
317,2016-02-01,2,2016
318,2016-03-01,3,2016
319,2016-04-01,4,2016
320,2016-05-01,5,2016
321,2016-06-01,6,2016
322,2016-07-01,7,2016
323,2016-08-01,8,2016
324,2016-09-01,9,2016
325,2016-10-01,10,2016
326,2016-11-01,11,2016
327,2016-12-01,12,2016
328,2017-01-01,1,2017
329,2017-02-01,2,2017
330,2017-03-01,3,2017
331,2017-04-01,4,2017
332,2017-05-01,5,2017
333,2017-06-01,6,2017
334,2017-07-01,7,2017
335,2017-08-01,8,2017
336,2017-09-01,9,2017
337,2017-10-01,10,2017
338,2017-11-01,11,2017
339,2017-12-01,12,2017
340,2018-01-01,1,2018
341,2018-02-01,2,2018
342,2018-03-01,3,2018
343,2018-04-01,4,2018
344,2018-05-01,5,2018
345,2018-06-01,6,2018
346,2018-07-01,7,2018
347,2018-08-01,8,2018
348,2018-09-01,9,2018
349,2018-10-01,10,2018
350,2018-11-01,11,2018
351,2018-12-01,12,2018
352,2019-01-01,1,2019
353,2019-02-01,2,2019
354,2019-03-01,3,2019
355,2019-04-01,4,2019
356,2019-05-01,5,2019
357,2019-06-01,6,2019
358,2019-07-01,7,2019
359,2019-08-01,8,2019
360,2019-09-01,9,2019
361,2019-10-01,10,2019
362,2019-11-01,11,2019
363,2019-12-01,12,2019
364,2020-01-01,1,2020
365,2020-02-01,2,2020
366,2020-03-01,3,2020
367,2020-04-01,4,2020
368,2020-05-01,5,2020
369,2020-06-01,6,2020
370,2020-07-01,7,2020
371,2020-08-01,8,2020
372,2020-09-01,9,2020
373,2020-10-01,10,2020
374,2020-11-01,11,2020
375,2020-12-01,12,2020
376,2021-01-01,1,2021
377,2021-02-01,2,2021
378,2021-03-01,3,2021
379,2021-04-01,4,2021
380,2021-05-01,5,2021
381,2021-06-01,6,2021
382,2021-07-01,7,2021
383,2021-08-01,8,2021
384,2021-09-01,9,2021
385,2021-10-01,10,2021
386,2021-11-01,11,2021
387,2021-12-01,12,2021
388,2022-01-01,1,2022
389,2022-02-01,2,2022
390,2022-03-01,3,2022
391,2022-04-01,4,2022
392,2022-05-01,5,2022
393,2022-06-01,6,2022
394,2022-07-01,7,2022
395,2022-08-01,8,2022
396,2022-09-01,9,2022
397,2022-10-01,10,2022
398,2022-11-01,11,2022
399,2022-12-01,12,2022
400,2023-01-01,1,2023
401,2023-02-01,2,2023
402,2012-01-01,1,2012
403,2012-02-01,2,2012
404,2012-03-01,3,2012
405,2012-04-01,4,2012
406,2012-05-01,5,2012
407,2012-06-01,6,2012
408,2012-07-01,7,2012
409,2012-08-01,8,2012
410,2012-09-01,9,2012
411,2012-10-01,10,2012
412,2012-11-01,11,2012
413,2012-12-01,12,2012
414,2013-01-01,1,2013
415,2013-02-01,2,2013
416,2013-03-01,3,2013
417,2013-04-01,4,2013
418,2013-05-01,5,2013
419,2013-06-01,6,2013
420,2013-07-01,7,2013
421,2013-08-01,8,2013
422,2013-09-01,9,2013
423,2013-10-01,10,2013
424,2013-11-01,11,2013
425,2013-12-01,12,2013
426,2014-01-01,1,2014
427,2014-02-01,2,2014
428,2014-03-01,3,2014
429,2014-04-01,4,2014
430,2014-05-01,5,2014
431,2014-06-01,6,2014
432,2014-07-01,7,2014
433,2014-08-01,8,2014
434,2014-09-01,9,2014
435,2014-10-01,10,2014
436,2014-11-01,11,2014
437,2014-12-01,12,2014
438,2015-01-01,1,2015
439,2015-02-01,2,2015
440,2015-03-01,3,2015
441,2015-04-01,4,2015
442,2015-05-01,5,2015
443,2015-06-01,6,2015
444,2015-07-01,7,2015
445,2015-08-01,8,2015
446,2015-09-01,9,2015
447,2015-10-01,10,2015
448,2015-11-01,11,2015
449,2015-12-01,12,2015
450,2016-01-01,1,2016
451,2016-02-01,2,2016
452,2016-03-01,3,2016
453,2016-04-01,4,2016
454,2016-05-01,5,2016
455,2016-06-01,6,2016
456,2016-07-01,7,2016
457,2016-08-01,8,2016
458,2016-09-01,9,2016
459,2016-10-01,10,2016
460,2016-11-01,11,2016
461,2016-12-01,12,2016
462,2017-01-01,1,2017
463,2017-02-01,2,2017
464,2017-03-01,3,2017
465,2017-04-01,4,2017
466,2017-05-01,5,2017
467,2017-06-01,6,2017
468,2017-07-01,7,2017
469,2017-08-01,8,2017
470,2017-09-01,9,2017
471,2017-10-01,10,2017
472,2017-11-01,11,2017
473,2017-12-01,12,2017
474,2018-01-01,1,2018
475,2018-02-01,2,2018
476,2018-03-01,3,2018
477,2018-04-01,4,2018
478,2018-05-01,5,2018
479,2018-06-01,6,2018
480,2018-07-01,7,2018
481,2018-08-01,8,2018
482,2018-09-01,9,2018
483,2018-10-01,10,2018
484,2018-11-01,11,2018
485,2018-12-01,12,2018
486,2019-01-01,1,2019
487,2019-02-01,2,2019
488,2019-03-01,3,2019
489,2019-04-01,4,2019
490,2019-05-01,5,2019
491,2019-06-01,6,2019
492,2019-07-01,7,2019
493,2019-08-01,8,2019
494,2019-09-01,9,2019
495,2019-10-01,10,2019
496,2019-11-01,11,2019
497,2019-12-01,12,2019
498,2020-01-01,1,2020
499,2020-02-01,2,2020
500,2020-03-01,3,2020
501,2020-04-01,4,2020
502,2020-05-01,5,2020
503,2020-06-01,6,2020
504,2020-07-01,7,2020
505,2020-08-01,8,2020
506,2020-09-01,9,2020
507,2020-10-01,10,2020
508,2020-11-01,11,2020
509,2020-12-01,12,2020
510,2021-01-01,1,2021
511,2021-02-01,2,2021
512,2021-03-01,3,2021
513,2021-04-01,4,2021
514,2021-05-01,5,2021
515,2021-06-01,6,2021
516,2021-07-01,7,2021
517,2021-08-01,8,2021
518,2021-09-01,9,2021
519,2021-10-01,10,2021
520,2021-11-01,11,2021
521,2021-12-01,12,2021
522,2022-01-01,1,2022
523,2022-02-01,2,2022
524,2022-03-01,3,2022
525,2022-04-01,4,2022
526,2022-05-01,5,2022
527,2022-06-01,6,2022
528,2022-07-01,7,2022
529,2022-08-01,8,2022
530,2022-09-01,9,2022
531,2022-10-01,10,2022
532,2022-11-01,11,2022
533,2022-12-01,12,2022
534,2023-01-01,1,2023
535,2023-02-01,2,2023
536,2012-01-01,1,2012
537,2012-01-01,1,2012
538,2012-02-01,2,2012
539,2012-02-01,2,2012
540,2012-03-01,3,2012
541,2012-03-01,3,2012
542,2012-04-01,4,2012
543,2012-04-01,4,2012
544,2012-05-01,5,2012
545,2012-05-01,5,2012
546,2012-06-01,6,2012
547,2012-06-01,6,2012
548,2012-07-01,7,2012
549,2012-07-01,7,2012
550,2012-08-01,8,2012
551,2012-08-01,8,2012
552,2012-09-01,9,2012
553,2012-09-01,9,2012
554,2012-10-01,10,2012
555,2012-10-01,10,2012
556,2012-11-01,11,2012
557,2012-11-01,11,2012
558,2012-12-01,12,2012
559,2012-12-01,12,2012
560,2013-01-01,1,2013
561,2013-01-01,1,2013
562,2013-02-01,2,2013
563,2013-02-01,2,2013
564,2013-03-01,3,2013
565,2013-03-01,3,2013
566,2013-04-01,4,2013
567,2013-04-01,4,2013
568,2013-05-01,5,2013
569,2013-05-01,5,2013
570,2013-06-01,6,2013
571,2013-06-01,6,2013
572,2013-07-01,7,2013
573,2013-07-01,7,2013
574,2013-08-01,8,2013
575,2013-08-01,8,2013
576,2013-09-01,9,2013
577,2013-09-01,9,2013
578,2013-10-01,10,2013
579,2013-10-01,10,2013
580,2013-11-01,11,2013
581,2013-11-01,11,2013
582,2013-12-01,12,2013
583,2013-12-01,12,2013
584,2014-01-01,1,2014
585,2014-01-01,1,2014
586,2014-02-01,2,2014
587,2014-02-01,2,2014
588,2014-03-01,3,2014
589,2014-03-01,3,2014
590,2014-04-01,4,2014
591,2014-04-01,4,2014
592,2014-05-01,5,2014
593,2014-05-01,5,2014
594,2014-06-01,6,2014
595,2014-06-01,6,2014
596,2014-07-01,7,2014
597,2014-07-01,7,2014
598,2014-08-01,8,2014
599,2014-08-01,8,2014
600,2014-09-01,9,2014
601,2014-09-01,9,2014
602,2014-10-01,10,2014
603,2014-10-01,10,2014
604,2014-11-01,11,2014
605,2014-11-01,11,2014
606,2014-12-01,12,2014
607,2014-12-01,12,2014
608,2015-01-01,1,2015
609,2015-01-01,1,2015
610,2015-02-01,2,2015
611,2015-02-01,2,2015
612,2015-03-01,3,2015
613,2015-03-01,3,2015
614,2015-04-01,4,2015
615,2015-04-01,4,2015
616,2015-05-01,5,2015
617,2015-05-01,5,2015
618,2015-06-01,6,2015
619,2015-06-01,6,2015
620,2015-07-01,7,2015
621,2015-07-01,7,2015
622,2015-08-01,8,2015
623,2015-08-01,8,2015
624,2015-09-01,9,2015
625,2015-09-01,9,2015
626,2015-10-01,10,2015
627,2015-10-01,10,2015
628,2015-11-01,11,2015
629,2015-11-01,11,2015
630,2015-12-01,12,2015
631,2015-12-01,12,2015
632,2016-01-01,1,2016
633,2016-01-01,1,2016
634,2016-02-01,2,2016
635,2016-02-01,2,2016
636,2016-03-01,3,2016
637,2016-03-01,3,2016
638,2016-04-01,4,2016
639,2016-04-01,4,2016
640,2016-05-01,5,2016
641,2016-05-01,5,2016
642,2016-06-01,6,2016
643,2016-06-01,6,2016
644,2016-07-01,7,2016
645,2016-07-01,7,2016
646,2016-08-01,8,2016
647,2016-08-01,8,2016
648,2016-09-01,9,2016
649,2016-09-01,9,2016
650,2016-10-01,10,2016
651,2016-10-01,10,2016
652,2016-11-01,11,2016
653,2016-11-01,11,2016
654,2016-12-01,12,2016
655,2016-12-01,12,2016
656,2017-01-01,1,2017
657,2017-01-01,1,2017
658,2017-02-01,2,2017
659,2017-02-01,2,2017
660,2017-03-01,3,2017
661,2017-03-01,3,2017
662,2017-04-01,4,2017
663,2017-04-01,4,2017
664,2017-05-01,5,2017
665,2017-05-01,5,2017
666,2017-06-01,6,2017
667,2017-06-01,6,2017
668,2017-07-01,7,2017
669,2017-07-01,7,2017
670,2017-08-01,8,2017
671,2017-08-01,8,2017
672,2017-09-01,9,2017
673,2017-09-01,9,2017
674,2017-10-01,10,2017
675,2017-10-01,10,2017
676,2017-11-01,11,2017
677,2017-11-01,11,2017
678,2017-12-01,12,2017
679,2017-12-01,12,2017
680,2018-01-01,1,2018
681,2018-01-01,1,2018
682,2018-02-01,2,2018
683,2018-02-01,2,2018
684,2018-03-01,3,2018
685,2018-03-01,3,2018
686,2018-04-01,4,2018
687,2018-04-01,4,2018
688,2018-05-01,5,2018
689,2018-05-01,5,2018
690,2018-06-01,6,2018
691,2018-06-01,6,2018
692,2018-07-01,7,2018
693,2018-07-01,7,2018
694,2018-08-01,8,2018
695,2018-08-01,8,2018
696,2018-09-01,9,2018
697,2018-09-01,9,2018
698,2018-10-01,10,2018
699,2018-10-01,10,2018
700,2018-11-01,11,2018
701,2018-11-01,11,2018
702,2018-12-01,12,2018
703,2018-12-01,12,2018
704,2019-01-01,1,2019
705,2019-01-01,1,2019
706,2019-02-01,2,2019
707,2019-02-01,2,2019
708,2019-03-01,3,2019
709,2019-03-01,3,2019
710,2019-04-01,4,2019
711,2019-04-01,4,2019
712,2019-05-01,5,2019
713,2019-05-01,5,2019
714,2019-06-01,6,2019
715,2019-06-01,6,2019
716,2019-07-01,7,2019
717,2019-07-01,7,2019
718,2019-08-01,8,2019
719,2019-08-01,8,2019
720,2019-09-01,9,2019
721,2019-09-01,9,2019
722,2019-10-01,10,2019
723,2019-10-01,10,2019
724,2019-11-01,11,2019
725,2019-11-01,11,2019
726,2019-12-01,12,2019
727,2019-12-01,12,2019
728,2020-01-01,1,2020
729,2020-01-01,1,2020
730,2020-02-01,2,2020
731,2020-02-01,2,2020
732,2020-03-01,3,2020
733,2020-03-01,3,2020
734,2020-04-01,4,2020
735,2020-04-01,4,2020
736,2020-05-01,5,2020
737,2020-05-01,5,2020
738,2020-06-01,6,2020
739,2020-06-01,6,2020
740,2020-07-01,7,2020
741,2020-07-01,7,2020
742,2020-08-01,8,2020
743,2020-08-01,8,2020
744,2020-09-01,9,2020
745,2020-09-01,9,2020
746,2020-10-01,10,2020
747,2020-10-01,10,2020
748,2020-11-01,11,2020
749,2020-11-01,11,2020
750,2020-12-01,12,2020
751,2020-12-01,12,2020
752,2021-01-01,1,2021
753,2021-01-01,1,2021
754,2021-02-01,2,2021
755,2021-02-01,2,2021
756,2021-03-01,3,2021
757,2021-03-01,3,2021
758,2021-04-01,4,2021
759,2021-04-01,4,2021
760,2021-05-01,5,2021
761,2021-05-01,5,2021
762,2021-06-01,6,2021
763,2021-06-01,6,2021
764,2021-07-01,7,2021
765,2021-07-01,7,2021
766,2021-08-01,8,2021
767,2021-08-01,8,2021
768,2021-09-01,9,2021
769,2021-09-01,9,2021
770,2021-10-01,10,2021
771,2021-10-01,10,2021
772,2021-11-01,11,2021
773,2021-11-01,11,2021
774,2021-12-01,12,2021
775,2021-12-01,12,2021
776,2022-01-01,1,2022
777,2022-01-01,1,2022
778,2022-02-01,2,2022
779,2022-02-01,2,2022
780,2022-03-01,3,2022
781,2022-03-01,3,2022
782,2022-04-01,4,2022
783,2022-04-01,4,2022
784,2022-05-01,5,2022
785,2022-05-01,5,2022
786,2022-06-01,6,2022
787,2022-06-01,6,2022
788,2022-07-01,7,2022
789,2022-07-01,7,2022
790,2022-08-01,8,2022
791,2022-08-01,8,2022
792,2022-09-01,9,2022
793,2022-09-01,9,2022
794,2022-10-01,10,2022
795,2022-10-01,10,2022
796,2022-11-01,11,2022
797,2022-11-01,11,2022
798,2022-12-01,12,2022
799,2022-12-01,12,2022
800,2023-01-01,1,2023
801,2023-01-01,1,2023
802,2023-02-01,2,2023
803,2023-02-01,2,2023
1206,2012-01-01,1,2012
1207,2012-02-01,2,2012
1208,2012-03-01,3,2012
1209,2012-04-01,4,2012
1210,2012-05-01,5,2012
1211,2012-06-01,6,2012
1212,2012-07-01,7,2012
1213,2012-08-01,8,2012
1214,2012-09-01,9,2012
1215,2012-10-01,10,2012
1216,2012-11-01,11,2012
1217,2012-12-01,12,2012
1218,2013-01-01,1,2013
1219,2013-02-01,2,2013
1220,2013-03-01,3,2013
1221,2013-04-01,4,2013
1222,2013-05-01,5,2013
1223,2013-06-01,6,2013
1224,2013-07-01,7,2013
1225,2013-08-01,8,2013
1226,2013-09-01,9,2013
1227,2013-10-01,10,2013
1228,2013-11-01,11,2013
1229,2013-12-01,12,2013
1230,2014-01-01,1,2014
1231,2014-02-01,2,2014
1232,2014-03-01,3,2014
1233,2014-04-01,4,2014
1234,2014-05-01,5,2014
1235,2014-06-01,6,2014
1236,2014-07-01,7,2014
1237,2014-08-01,8,2014
1238,2014-09-01,9,2014
1239,2014-10-01,10,2014
1240,2014-11-01,11,2014
1241,2014-12-01,12,2014
1242,2015-01-01,1,2015
1243,2015-02-01,2,2015
1244,2015-03-01,3,2015
1245,2015-04-01,4,2015
1246,2015-05-01,5,2015
1247,2015-06-01,6,2015
1248,2015-07-01,7,2015
1249,2015-08-01,8,2015
1250,2015-09-01,9,2015
1251,2015-10-01,10,2015
1252,2015-11-01,11,2015
1253,2015-12-01,12,2015
1254,2016-01-01,1,2016
1255,2016-02-01,2,2016
1256,2016-03-01,3,2016
1257,2016-04-01,4,2016
1258,2016-05-01,5,2016
1259,2016-06-01,6,2016
1260,2016-07-01,7,2016
1261,2016-08-01,8,2016
1262,2016-09-01,9,2016
1263,2016-10-01,10,2016
1264,2016-11-01,11,2016
1265,2016-12-01,12,2016
1266,2017-01-01,1,2017
1267,2017-02-01,2,2017
1268,2017-03-01,3,2017
1269,2017-04-01,4,2017
1270,2017-05-01,5,2017
1271,2017-06-01,6,2017
1272,2017-07-01,7,2017
1273,2017-08-01,8,2017
1274,2017-09-01,9,2017
1275,2017-10-01,10,2017
1276,2017-11-01,11,2017
1277,2017-12-01,12,2017
1278,2018-01-01,1,2018
1279,2018-02-01,2,2018
1280,2018-03-01,3,2018
1281,2018-04-01,4,2018
1282,2018-05-01,5,2018
1283,2018-06-01,6,2018
1284,2018-07-01,7,2018
1285,2018-08-01,8,2018
1286,2018-09-01,9,2018
1287,2018-10-01,10,2018
1288,2018-11-01,11,2018
1289,2018-12-01,12,2018
1290,2019-01-01,1,2019
1291,2019-02-01,2,2019
1292,2019-03-01,3,2019
1293,2019-04-01,4,2019
1294,2019-05-01,5,2019
1295,2019-06-01,6,2019
1296,2019-07-01,7,2019
1297,2019-08-01,8,2019
1298,2019-09-01,9,2019
1299,2019-10-01,10,2019
1300,2019-11-01,11,2019
1301,2019-12-01,12,2019
1302,2020-01-01,1,2020
1303,2020-02-01,2,2020
1304,2020-03-01,3,2020
1305,2020-04-01,4,2020
1306,2020-05-01,5,2020
1307,2020-06-01,6,2020
1308,2020-07-01,7,2020
1309,2020-08-01,8,2020
1310,2020-09-01,9,2020
1311,2020-10-01,10,2020
1312,2020-11-01,11,2020
1313,2020-12-01,12,2020
1314,2021-01-01,1,2021
1315,2021-02-01,2,2021
1316,2021-03-01,3,2021
1317,2021-04-01,4,2021
1318,2021-05-01,5,2021
1319,2021-06-01,6,2021
1320,2021-07-01,7,2021
1321,2021-08-01,8,2021
1322,2021-09-01,9,2021
1323,2021-10-01,10,2021
1324,2021-11-01,11,2021
1325,2021-12-01,12,2021
1326,2022-01-01,1,2022
1327,2022-02-01,2,2022
1328,2022-03-01,3,2022
1329,2022-04-01,4,2022
1330,2022-05-01,5,2022
1331,2022-06-01,6,2022
1332,2022-07-01,7,2022
1333,2022-08-01,8,2022
1334,2022-09-01,9,2022
1335,2022-10-01,10,2022
1336,2022-11-01,11,2022
1337,2022-12-01,12,2022
1338,2023-01-01,1,2023
1339,2023-02-01,2,2023
1340,2012-01-01,1,2012
1341,2012-02-01,2,2012
1342,2012-03-01,3,2012
1343,2012-04-01,4,2012
1344,2012-05-01,5,2012
1345,2012-06-01,6,2012
1346,2012-07-01,7,2012
1347,2012-08-01,8,2012
1348,2012-09-01,9,2012
1349,2012-10-01,10,2012
1350,2012-11-01,11,2012
1351,2012-12-01,12,2012
1352,2013-01-01,1,2013
1353,2013-02-01,2,2013
1354,2013-03-01,3,2013
1355,2013-04-01,4,2013
1356,2013-05-01,5,2013
1357,2013-06-01,6,2013
1358,2013-07-01,7,2013
1359,2013-08-01,8,2013
1360,2013-09-01,9,2013
1361,2013-10-01,10,2013
1362,2013-11-01,11,2013
1363,2013-12-01,12,2013
1364,2014-01-01,1,2014
1365,2014-02-01,2,2014
1366,2014-03-01,3,2014
1367,2014-04-01,4,2014
1368,2014-05-01,5,2014
1369,2014-06-01,6,2014
1370,2014-07-01,7,2014
1371,2014-08-01,8,2014
1372,2014-09-01,9,2014
1373,2014-10-01,10,2014
1374,2014-11-01,11,2014
1375,2014-12-01,12,2014
1376,2015-01-01,1,2015
1377,2015-02-01,2,2015
1378,2015-03-01,3,2015
1379,2015-04-01,4,2015
1380,2015-05-01,5,2015
1381,2015-06-01,6,2015
1382,2015-07-01,7,2015
1383,2015-08-01,8,2015
1384,2015-09-01,9,2015
1385,2015-10-01,10,2015
1386,2015-11-01,11,2015
1387,2015-12-01,12,2015
1388,2016-01-01,1,2016
1389,2016-02-01,2,2016
1390,2016-03-01,3,2016
1391,2016-04-01,4,2016
1392,2016-05-01,5,2016
1393,2016-06-01,6,2016
1394,2016-07-01,7,2016
1395,2016-08-01,8,2016
1396,2016-09-01,9,2016
1397,2016-10-01,10,2016
1398,2016-11-01,11,2016
1399,2016-12-01,12,2016
1400,2017-01-01,1,2017
1401,2017-02-01,2,2017
1402,2017-03-01,3,2017
1403,2017-04-01,4,2017
1404,2017-05-01,5,2017
1405,2017-06-01,6,2017
1406,2017-07-01,7,2017
1407,2017-08-01,8,2017
1408,2017-09-01,9,2017
1409,2017-10-01,10,2017
1410,2017-11-01,11,2017
1411,2017-12-01,12,2017
1412,2018-01-01,1,2018
1413,2018-02-01,2,2018
1414,2018-03-01,3,2018
1415,2018-04-01,4,2018
1416,2018-05-01,5,2018
1417,2018-06-01,6,2018
1418,2018-07-01,7,2018
1419,2018-08-01,8,2018
1420,2018-09-01,9,2018
1421,2018-10-01,10,2018
1422,2018-11-01,11,2018
1423,2018-12-01,12,2018
1424,2019-01-01,1,2019
1425,2019-02-01,2,2019
1426,2019-03-01,3,2019
1427,2019-04-01,4,2019
1428,2019-05-01,5,2019
1429,2019-06-01,6,2019
1430,2019-07-01,7,2019
1431,2019-08-01,8,2019
1432,2019-09-01,9,2019
1433,2019-10-01,10,2019
1434,2019-11-01,11,2019
1435,2019-12-01,12,2019
1436,2020-01-01,1,2020
1437,2020-02-01,2,2020
1438,2020-03-01,3,2020
1439,2020-04-01,4,2020
1440,2020-05-01,5,2020
1441,2020-06-01,6,2020
1442,2020-07-01,7,2020
1443,2020-08-01,8,2020
1444,2020-09-01,9,2020
1445,2020-10-01,10,2020
1446,2020-11-01,11,2020
1447,2020-12-01,12,2020
1448,2021-01-01,1,2021
1449,2021-02-01,2,2021
1450,2021-03-01,3,2021
1451,2021-04-01,4,2021
1452,2021-05-01,5,2021
1453,2021-06-01,6,2021
1454,2021-07-01,7,2021
1455,2021-08-01,8,2021
1456,2021-09-01,9,2021
1457,2021-10-01,10,2021
1458,2021-11-01,11,2021
1459,2021-12-01,12,2021
1460,2022-01-01,1,2022
1461,2022-02-01,2,2022
1462,2022-03-01,3,2022
1463,2022-04-01,4,2022
1464,2022-05-01,5,2022
1465,2022-06-01,6,2022
1466,2022-07-01,7,2022
1467,2022-08-01,8,2022
1468,2022-09-01,9,2022
1469,2022-10-01,10,2022
1470,2022-11-01,11,2022
1471,2022-12-01,12,2022
1472,2023-01-01,1,2023
1473,2023-02-01,2,2023
1474,2012-01-01,1,2012
1475,2012-02-01,2,2012
1476,2012-03-01,3,2012
1477,2012-04-01,4,2012
1478,2012-05-01,5,2012
1479,2012-06-01,6,2012
1480,2012-07-01,7,2012
1481,2012-08-01,8,2012
1482,2012-09-01,9,2012
1483,2012-10-01,10,2012
1484,2012-11-01,11,2012
1485,2012-12-01,12,2012
1486,2013-01-01,1,2013
1487,2013-02-01,2,2013
1488,2013-03-01,3,2013
1489,2013-04-01,4,2013
1490,2013-05-01,5,2013
1491,2013-06-01,6,2013
1492,2013-07-01,7,2013
1493,2013-08-01,8,2013
1494,2013-09-01,9,2013
1495,2013-10-01,10,2013
1496,2013-11-01,11,2013
1497,2013-12-01,12,2013
1498,2014-01-01,1,2014
1499,2014-02-01,2,2014
1500,2014-03-01,3,2014
1501,2014-04-01,4,2014
1502,2014-05-01,5,2014
1503,2014-06-01,6,2014
1504,2014-07-01,7,2014
1505,2014-08-01,8,2014
1506,2014-09-01,9,2014
1507,2014-10-01,10,2014
1508,2014-11-01,11,2014
1509,2014-12-01,12,2014
1510,2015-01-01,1,2015
1511,2015-02-01,2,2015
1512,2015-03-01,3,2015
1513,2015-04-01,4,2015
1514,2015-05-01,5,2015
1515,2015-06-01,6,2015
1516,2015-07-01,7,2015
1517,2015-08-01,8,2015
1518,2015-09-01,9,2015
1519,2015-10-01,10,2015
1520,2015-11-01,11,2015
1521,2015-12-01,12,2015
1522,2016-01-01,1,2016
1523,2016-02-01,2,2016
1524,2016-03-01,3,2016
1525,2016-04-01,4,2016
1526,2016-05-01,5,2016
1527,2016-06-01,6,2016
1528,2016-07-01,7,2016
1529,2016-08-01,8,2016
1530,2016-09-01,9,2016
1531,2016-10-01,10,2016
1532,2016-11-01,11,2016
1533,2016-12-01,12,2016
1534,2017-01-01,1,2017
1535,2017-02-01,2,2017
1536,2017-03-01,3,2017
1537,2017-04-01,4,2017
1538,2017-05-01,5,2017
1539,2017-06-01,6,2017
1540,2017-07-01,7,2017
1541,2017-08-01,8,2017
1542,2017-09-01,9,2017
1543,2017-10-01,10,2017
1544,2017-11-01,11,2017
1545,2017-12-01,12,2017
1546,2018-01-01,1,2018
1547,2018-02-01,2,2018
1548,2018-03-01,3,2018
1549,2018-04-01,4,2018
1550,2018-05-01,5,2018
1551,2018-06-01,6,2018
1552,2018-07-01,7,2018
1553,2018-08-01,8,2018
1554,2018-09-01,9,2018
1555,2018-10-01,10,2018
1556,2018-11-01,11,2018
1557,2018-12-01,12,2018
1558,2019-01-01,1,2019
1559,2019-02-01,2,2019
1560,2019-03-01,3,2019
1561,2019-04-01,4,2019
1562,2019-05-01,5,2019
1563,2019-06-01,6,2019
1564,2019-07-01,7,2019
1565,2019-08-01,8,2019
1566,2019-09-01,9,2019
1567,2019-10-01,10,2019
1568,2019-11-01,11,2019
1569,2019-12-01,12,2019
1570,2020-01-01,1,2020
1571,2020-02-01,2,2020
1572,2020-03-01,3,2020
1573,2020-04-01,4,2020
1574,2020-05-01,5,2020
1575,2020-06-01,6,2020
1576,2020-07-01,7,2020
1577,2020-08-01,8,2020
1578,2020-09-01,9,2020
1579,2020-10-01,10,2020
1580,2020-11-01,11,2020
1581,2020-12-01,12,2020
1582,2021-01-01,1,2021
1583,2021-02-01,2,2021
1584,2021-03-01,3,2021
1585,2021-04-01,4,2021
1586,2021-05-01,5,2021
1587,2021-06-01,6,2021
1588,2021-07-01,7,2021
1589,2021-08-01,8,2021
1590,2021-09-01,9,2021
1591,2021-10-01,10,2021
1592,2021-11-01,11,2021
1593,2021-12-01,12,2021
1594,2022-01-01,1,2022
1595,2022-02-01,2,2022
1596,2022-03-01,3,2022
1597,2022-04-01,4,2022
1598,2022-05-01,5,2022
1599,2022-06-01,6,2022
1600,2022-07-01,7,2022
1601,2022-08-01,8,2022
1602,2022-09-01,9,2022
1603,2022-10-01,10,2022
1604,2022-11-01,11,2022
1605,2022-12-01,12,2022
1606,2023-01-01,1,2023
1607,2023-02-01,2,2023
1608,2012-01-01,1,2012
1609,2012-02-01,2,2012
1610,2012-03-01,3,2012
1611,2012-04-01,4,2012
1612,2012-05-01,5,2012
1613,2012-06-01,6,2012
1614,2012-07-01,7,2012
1615,2012-08-01,8,2012
1616,2012-09-01,9,2012
1617,2012-10-01,10,2012
1618,2012-11-01,11,2012
1619,2012-12-01,12,2012
1620,2013-01-01,1,2013
1621,2013-02-01,2,2013
1622,2013-03-01,3,2013
1623,2013-04-01,4,2013
1624,2013-05-01,5,2013
1625,2013-06-01,6,2013
1626,2013-07-01,7,2013
1627,2013-08-01,8,2013
1628,2013-09-01,9,2013
1629,2013-10-01,10,2013
1630,2013-11-01,11,2013
1631,2013-12-01,12,2013
1632,2014-01-01,1,2014
1633,2014-02-01,2,2014
1634,2014-03-01,3,2014
1635,2014-04-01,4,2014
1636,2014-05-01,5,2014
1637,2014-06-01,6,2014
1638,2014-07-01,7,2014
1639,2014-08-01,8,2014
1640,2014-09-01,9,2014
1641,2014-10-01,10,2014
1642,2014-11-01,11,2014
1643,2014-12-01,12,2014
1644,2015-01-01,1,2015
1645,2015-02-01,2,2015
1646,2015-03-01,3,2015
1647,2015-04-01,4,2015
1648,2015-05-01,5,2015
1649,2015-06-01,6,2015
1650,2015-07-01,7,2015
1651,2015-08-01,8,2015
1652,2015-09-01,9,2015
1653,2015-10-01,10,2015
1654,2015-11-01,11,2015
1655,2015-12-01,12,2015
1656,2016-01-01,1,2016
1657,2016-02-01,2,2016
1658,2016-03-01,3,2016
1659,2016-04-01,4,2016
1660,2016-05-01,5,2016
1661,2016-06-01,6,2016
1662,2016-07-01,7,2016
1663,2016-08-01,8,2016
1664,2016-09-01,9,2016
1665,2016-10-01,10,2016
1666,2016-11-01,11,2016
1667,2016-12-01,12,2016
1668,2017-01-01,1,2017
1669,2017-02-01,2,2017
1670,2017-03-01,3,2017
1671,2017-04-01,4,2017
1672,2017-05-01,5,2017
1673,2017-06-01,6,2017
1674,2017-07-01,7,2017
1675,2017-08-01,8,2017
1676,2017-09-01,9,2017
1677,2017-10-01,10,2017
1678,2017-11-01,11,2017
1679,2017-12-01,12,2017
1680,2018-01-01,1,2018
1681,2018-02-01,2,2018
1682,2018-03-01,3,2018
1683,2018-04-01,4,2018
1684,2018-05-01,5,2018
1685,2018-06-01,6,2018
1686,2018-07-01,7,2018
1687,2018-08-01,8,2018
1688,2018-09-01,9,2018
1689,2018-10-01,10,2018
1690,2018-11-01,11,2018
1691,2018-12-01,12,2018
1692,2019-01-01,1,2019
1693,2019-02-01,2,2019
1694,2019-03-01,3,2019
1695,2019-04-01,4,2019
1696,2019-05-01,5,2019
1697,2019-06-01,6,2019
1698,2019-07-01,7,2019
1699,2019-08-01,8,2019
1700,2019-09-01,9,2019
1701,2019-10-01,10,2019
1702,2019-11-01,11,2019
1703,2019-12-01,12,2019
1704,2020-01-01,1,2020
1705,2020-02-01,2,2020
1706,2020-03-01,3,2020
1707,2020-04-01,4,2020
1708,2020-05-01,5,2020
1709,2020-06-01,6,2020
1710,2020-07-01,7,2020
1711,2020-08-01,8,2020
1712,2020-09-01,9,2020
1713,2020-10-01,10,2020
1714,2020-11-01,11,2020
1715,2020-12-01,12,2020
1716,2021-01-01,1,2021
1717,2021-02-01,2,2021
1718,2021-03-01,3,2021
1719,2021-04-01,4,2021
1720,2021-05-01,5,2021
1721,2021-06-01,6,2021
1722,2021-07-01,7,2021
1723,2021-08-01,8,2021
1724,2021-09-01,9,2021
1725,2021-10-01,10,2021
1726,2021-11-01,11,2021
1727,2021-12-01,12,2021
1728,2022-01-01,1,2022
1729,2022-02-01,2,2022
1730,2022-03-01,3,2022
1731,2022-04-01,4,2022
1732,2022-05-01,5,2022
1733,2022-06-01,6,2022
1734,2022-07-01,7,2022
1735,2022-08-01,8,2022
1736,2022-09-01,9,2022
1737,2022-10-01,10,2022
1738,2022-11-01,11,2022
1739,2022-12-01,12,2022
1740,2023-01-01,1,2023
1741,2023-02-01,2,2023
