region_summ_key,location_key,date_key,real_estate_key,total_price_index
0,9,0,1206,93.2
1,9,1,1207,93.2
2,9,2,1208,93.6
3,9,3,1209,93.7
4,9,4,1210,93.9
5,9,5,1211,94.1
6,9,6,1212,94.2
7,9,7,1213,94.2
8,9,8,1214,94.4
9,9,9,1215,94.6
10,9,10,1216,94.6
11,9,11,1217,94.9
12,9,12,1218,95.1
13,9,13,1219,95.6
14,9,14,1220,95.7
15,9,15,1221,96.1
16,9,16,1222,96.4
17,9,17,1223,96.7
18,9,18,1224,96.9
19,9,19,1225,97.3
20,9,20,1226,97.4
21,9,21,1227,97.4
22,9,22,1228,97.5
23,9,23,1229,97.6
24,9,24,1230,98.2
25,9,25,1231,98.7
26,9,26,1232,99.1
27,9,27,1233,99.3
28,9,28,1234,99.9
29,9,29,1235,100.0
30,9,30,1236,100.1
31,9,31,1237,100.5
32,9,32,1238,100.8
33,9,33,1239,100.8
34,9,34,1240,101.0
35,9,35,1241,101.1
36,9,36,1242,101.0
37,9,37,1243,101.0
38,9,38,1244,100.8
39,9,39,1245,100.6
40,9,40,1246,100.6
41,9,41,1247,100.6
42,9,42,1248,100.5
43,9,43,1249,100.5
44,9,44,1250,100.5
45,9,45,1251,100.7
46,9,46,1252,100.7
47,9,47,1253,100.7
48,9,48,1254,100.7
49,9,49,1255,100.4
50,9,50,1256,100.4
51,9,51,1257,100.4
52,9,52,1258,100.5
53,9,53,1259,100.0
54,9,54,1260,100.1
55,9,55,1261,100.0
56,9,56,1262,99.8
57,9,57,1263,99.7
58,9,58,1264,99.8
59,9,59,1265,100.0
60,9,60,1266,100.0
61,9,61,1267,100.0
62,9,62,1268,100.0
63,9,63,1269,99.9
64,9,64,1270,99.7
65,9,65,1271,99.6
66,9,66,1272,100.1
67,9,67,1273,100.1
68,9,68,1274,100.1
69,9,69,1275,100.1
70,9,70,1276,100.2
71,9,71,1277,100.1
72,9,72,1278,100.1
73,9,73,1279,99.8
74,9,74,1280,99.6
75,9,75,1281,99.6
76,9,76,1282,99.6
77,9,77,1283,99.8
78,9,78,1284,99.9
79,9,79,1285,99.4
80,9,80,1286,99.4
81,9,81,1287,99.3
82,9,82,1288,99.3
83,9,83,1289,99.4
84,9,84,1290,99.3
85,9,85,1291,99.2
86,9,86,1292,99.1
87,9,87,1293,98.8
88,9,88,1294,98.6
89,9,89,1295,98.0
90,9,90,1296,97.6
91,9,91,1297,97.7
92,9,92,1298,97.7
93,9,93,1299,97.5
94,9,94,1300,97.0
95,9,95,1301,97.2
96,9,96,1302,97.2
97,9,97,1303,97.4
98,9,98,1304,97.4
99,9,99,1305,97.2
100,9,100,1306,97.2
101,9,101,1307,97.1
102,9,102,1308,96.7
103,9,103,1309,96.7
104,9,104,1310,97.1
105,9,105,1311,97.4
106,9,106,1312,97.8
107,9,107,1313,97.7
108,9,108,1314,98.0
109,9,109,1315,98.8
110,9,110,1316,99.5
111,9,111,1317,101.0
112,9,112,1318,104.1
113,9,113,1319,106.2
114,9,114,1320,106.6
115,9,115,1321,106.5
116,9,116,1322,106.4
117,9,117,1323,106.4
118,9,118,1324,106.4
119,9,119,1325,106.8
120,9,120,1326,108.6
121,9,121,1327,112.2
122,9,122,1328,115.5
123,9,123,1329,116.7
124,9,124,1330,118.3
125,9,125,1331,118.4
126,9,126,1332,118.0
127,9,127,1333,118.2
128,9,128,1334,118.0
129,9,129,1335,117.7
130,9,130,1336,117.5
131,9,131,1337,117.4
132,9,132,1338,117.3
133,9,133,1339,116.9
134,10,0,1340,96.3
135,10,1,1341,96.2
136,10,2,1342,96.0
137,10,3,1343,96.0
138,10,4,1344,96.0
139,10,5,1345,96.1
140,10,6,1346,96.1
141,10,7,1347,96.0
142,10,8,1348,95.9
143,10,9,1349,96.1
144,10,10,1350,95.7
145,10,11,1351,95.4
146,10,12,1352,95.3
147,10,13,1353,95.4
148,10,14,1354,95.2
149,10,15,1355,95.3
150,10,16,1356,95.1
151,10,17,1357,94.9
152,10,18,1358,95.1
153,10,19,1359,94.8
154,10,20,1360,94.8
155,10,21,1361,94.6
156,10,22,1362,94.5
157,10,23,1363,94.3
158,10,24,1364,94.3
159,10,25,1365,94.3
160,10,26,1366,94.2
161,10,27,1367,93.9
162,10,28,1368,93.7
163,10,29,1369,93.6
164,10,30,1370,93.5
165,10,31,1371,93.7
166,10,32,1372,93.7
167,10,33,1373,94.0
168,10,34,1374,93.8
169,10,35,1375,93.8
170,10,36,1376,93.6
171,10,37,1377,93.6
172,10,38,1378,93.6
173,10,39,1379,94.2
174,10,40,1380,94.2
175,10,41,1381,94.4
176,10,42,1382,94.7
177,10,43,1383,94.7
178,10,44,1384,95.1
179,10,45,1385,95.3
180,10,46,1386,95.8
181,10,47,1387,95.9
182,10,48,1388,96.3
183,10,49,1389,97.1
184,10,50,1390,97.4
185,10,51,1391,97.7
186,10,52,1392,98.8
187,10,53,1393,99.2
188,10,54,1394,99.7
189,10,55,1395,99.7
190,10,56,1396,100.0
191,10,57,1397,100.3
192,10,58,1398,100.0
193,10,59,1399,100.0
194,10,60,1400,99.9
195,10,61,1401,100.0
196,10,62,1402,100.5
197,10,63,1403,101.5
198,10,64,1404,103.4
199,10,65,1405,104.7
200,10,66,1406,106.5
201,10,67,1407,106.6
202,10,68,1408,107.3
203,10,69,1409,107.6
204,10,70,1410,107.6
205,10,71,1411,107.8
206,10,72,1412,107.8
207,10,73,1413,107.8
208,10,74,1414,107.9
209,10,75,1415,107.9
210,10,76,1416,107.9
211,10,77,1417,108.0
212,10,78,1418,107.9
213,10,79,1419,107.8
214,10,80,1420,108.0
215,10,81,1421,108.0
216,10,82,1422,107.8
217,10,83,1423,107.7
218,10,84,1424,107.6
219,10,85,1425,107.4
220,10,86,1426,107.4
221,10,87,1427,107.2
222,10,88,1428,106.9
223,10,89,1429,106.8
224,10,90,1430,106.4
225,10,91,1431,106.4
226,10,92,1432,106.0
227,10,93,1433,105.8
228,10,94,1434,105.3
229,10,95,1435,105.7
230,10,96,1436,105.5
231,10,97,1437,105.9
232,10,98,1438,106.3
233,10,99,1439,106.3
234,10,100,1440,106.3
235,10,101,1441,106.4
236,10,102,1442,107.2
237,10,103,1443,108.1
238,10,104,1444,110.2
239,10,105,1445,111.5
240,10,106,1446,111.8
241,10,107,1447,111.9
242,10,108,1448,112.3
243,10,109,1449,116.3
244,10,110,1450,117.2
245,10,111,1451,118.9
246,10,112,1452,120.0
247,10,113,1453,119.7
248,10,114,1454,120.3
249,10,115,1455,120.8
250,10,116,1456,121.9
251,10,117,1457,123.3
252,10,118,1458,124.0
253,10,119,1459,124.1
254,10,120,1460,126.2
255,10,121,1461,127.0
256,10,122,1462,127.7
257,10,123,1463,127.9
258,10,124,1464,128.0
259,10,125,1465,128.1
260,10,126,1466,128.7
261,10,127,1467,128.7
262,10,128,1468,128.7
263,10,129,1469,127.8
264,10,130,1470,127.7
265,10,131,1471,127.6
266,10,132,1472,127.1
267,10,133,1473,126.8
268,7,0,938,88.1
269,7,1,939,88.4
270,7,2,940,89.0
271,7,3,941,89.3
272,7,4,942,89.4
273,7,5,943,90.0
274,7,6,944,90.2
275,7,7,945,90.4
276,7,8,946,90.9
277,7,9,947,91.2
278,7,10,948,91.6
279,7,11,949,92.4
280,7,12,950,93.2
281,7,13,951,93.3
282,7,14,952,93.6
283,7,15,953,94.2
284,7,16,954,94.6
285,7,17,955,94.8
286,7,18,956,94.9
287,7,19,957,95.0
288,7,20,958,95.0
289,7,21,959,95.0
290,7,22,960,95.0
291,7,23,961,95.1
292,7,24,962,95.6
293,7,25,963,95.7
294,7,26,964,95.8
295,7,27,965,96.0
296,7,28,966,96.1
297,7,29,967,96.3
298,7,30,968,96.3
299,7,31,969,96.3
300,7,32,970,95.9
301,7,33,971,96.1
302,7,34,972,96.1
303,7,35,973,96.0
304,7,36,974,96.2
305,7,37,975,96.3
306,7,38,976,96.6
307,7,39,977,96.7
308,7,40,978,96.8
309,7,41,979,97.2
310,7,42,980,97.3
311,7,43,981,97.3
312,7,44,982,97.5
313,7,45,983,97.6
314,7,46,984,97.7
315,7,47,985,97.7
316,7,48,986,97.9
317,7,49,987,97.9
318,7,50,988,98.1
319,7,51,989,98.3
320,7,52,990,98.5
321,7,53,991,98.7
322,7,54,992,98.9
323,7,55,993,99.0
324,7,56,994,99.4
325,7,57,995,99.9
326,7,58,996,100.0
327,7,59,997,100.0
328,7,60,998,100.3
329,7,61,999,100.5
330,7,62,1000,100.5
331,7,63,1001,101.3
332,7,64,1002,101.8
333,7,65,1003,102.2
334,7,66,1004,102.3
335,7,67,1005,102.6
336,7,68,1006,102.9
337,7,69,1007,103.0
338,7,70,1008,103.2
339,7,71,1009,103.3
340,7,72,1010,103.3
341,7,73,1011,103.4
342,7,74,1012,103.5
343,7,75,1013,103.5
344,7,76,1014,103.7
345,7,77,1015,103.9
346,7,78,1016,104.0
347,7,79,1017,104.1
348,7,80,1018,104.1
349,7,81,1019,104.4
350,7,82,1020,104.4
351,7,83,1021,104.3
352,7,84,1022,104.5
353,7,85,1023,104.5
354,7,86,1024,104.7
355,7,87,1025,104.8
356,7,88,1026,104.6
357,7,89,1027,104.4
358,7,90,1028,104.7
359,7,91,1029,104.7
360,7,92,1030,104.9
361,7,93,1031,105.0
362,7,94,1032,104.7
363,7,95,1033,105.1
364,7,96,1034,105.3
365,7,97,1035,105.5
366,7,98,1036,105.5
367,7,99,1037,105.6
368,7,100,1038,105.5
369,7,101,1039,105.8
370,7,102,1040,106.0
371,7,103,1041,106.9
372,7,104,1042,108.7
373,7,105,1043,108.8
374,7,106,1044,109.1
375,7,107,1045,109.1
376,7,108,1046,110.4
377,7,109,1047,112.3
378,7,110,1048,113.5
379,7,111,1049,116.8
380,7,112,1050,122.7
381,7,113,1051,125.0
382,7,114,1052,125.4
383,7,115,1053,126.6
384,7,116,1054,126.8
385,7,117,1055,128.9
386,7,118,1056,129.7
387,7,119,1057,133.3
388,7,120,1058,135.2
389,7,121,1059,136.5
390,7,122,1060,141.1
391,7,123,1061,142.4
392,7,124,1062,143.6
393,7,125,1063,143.6
394,7,126,1064,143.6
395,7,127,1065,143.6
396,7,128,1066,143.6
397,7,129,1067,142.6
398,7,130,1068,142.6
399,7,131,1069,142.2
400,7,132,1070,140.4
401,7,133,1071,140.6
402,4,0,536,98.4
403,4,1,537,98.1
404,4,2,538,98.1
405,4,3,539,98.1
406,4,4,540,97.9
407,4,5,541,97.9
408,4,6,542,97.8
409,4,7,543,97.9
410,4,8,544,98.3
411,4,9,545,98.3
412,4,10,546,98.1
413,4,11,547,98.1
414,4,12,548,98.0
415,4,13,549,98.2
416,4,14,550,98.4
417,4,15,551,98.3
418,4,16,552,98.4
419,4,17,553,98.4
420,4,18,554,98.4
421,4,19,555,98.4
422,4,20,556,98.4
423,4,21,557,98.5
424,4,22,558,98.5
425,4,23,559,98.4
426,4,24,560,98.4
427,4,25,561,98.3
428,4,26,562,98.3
429,4,27,563,98.5
430,4,28,564,98.5
431,4,29,565,98.5
432,4,30,566,98.3
433,4,31,567,98.1
434,4,32,568,98.1
435,4,33,569,98.1
436,4,34,570,98.0
437,4,35,571,98.0
438,4,36,572,98.0
439,4,37,573,98.0
440,4,38,574,97.8
441,4,39,575,97.8
442,4,40,576,97.8
443,4,41,577,98.2
444,4,42,578,98.3
445,4,43,579,98.3
446,4,44,580,98.3
447,4,45,581,98.3
448,4,46,582,98.4
449,4,47,583,98.4
450,4,48,584,98.3
451,4,49,585,98.3
452,4,50,586,98.3
453,4,51,587,98.3
454,4,52,588,98.3
455,4,53,589,98.3
456,4,54,590,98.3
457,4,55,591,98.4
458,4,56,592,99.7
459,4,57,593,100.0
460,4,58,594,100.0
461,4,59,595,100.0
462,4,60,596,100.2
463,4,61,597,100.1
464,4,62,598,100.1
465,4,63,599,100.1
466,4,64,600,100.1
467,4,65,601,100.1
468,4,66,602,100.5
469,4,67,603,100.5
470,4,68,604,100.5
471,4,69,605,100.5
472,4,70,606,100.8
473,4,71,607,101.0
474,4,72,608,101.2
475,4,73,609,101.2
476,4,74,610,101.2
477,4,75,611,101.1
478,4,76,612,101.1
479,4,77,613,101.1
480,4,78,614,100.9
481,4,79,615,101.1
482,4,80,616,101.1
483,4,81,617,100.9
484,4,82,618,100.9
485,4,83,619,100.9
486,4,84,620,100.9
487,4,85,621,100.9
488,4,86,622,100.9
489,4,87,623,100.9
490,4,88,624,100.9
491,4,89,625,100.9
492,4,90,626,101.6
493,4,91,627,102.1
494,4,92,628,102.5
495,4,93,629,102.5
496,4,94,630,102.5
497,4,95,631,102.7
498,4,96,632,102.7
499,4,97,633,102.7
500,4,98,634,103.0
501,4,99,635,103.2
502,4,100,636,103.2
503,4,101,637,103.2
504,4,102,638,103.2
505,4,103,639,103.2
506,4,104,640,104.2
507,4,105,641,104.2
508,4,106,642,104.2
509,4,107,643,104.2
510,4,108,644,104.2
511,4,109,645,105.5
512,4,110,646,108.5
513,4,111,647,110.2
514,4,112,648,109.4
515,4,113,649,111.1
516,4,114,650,112.2
517,4,115,651,114.1
518,4,116,652,114.1
519,4,117,653,114.2
520,4,118,654,114.2
521,4,119,655,115.5
522,4,120,656,115.5
523,4,121,657,117.9
524,4,122,658,117.9
525,4,123,659,119.5
526,4,124,660,119.5
527,4,125,661,119.5
528,4,126,662,119.5
529,4,127,663,119.5
530,4,128,664,119.5
531,4,129,665,119.5
532,4,130,666,119.5
533,4,131,667,119.5
534,4,132,668,119.5
535,4,133,669,119.5
536,1,0,134,96.5
537,1,1,135,96.5
538,1,2,136,96.8
539,1,3,137,96.8
540,1,4,138,97.0
541,1,5,139,97.1
542,1,6,140,97.7
543,1,7,141,97.7
544,1,8,142,97.5
545,1,9,143,97.5
546,1,10,144,97.5
547,1,11,145,97.5
548,1,12,146,97.7
549,1,13,147,97.7
550,1,14,148,97.7
551,1,15,149,98.6
552,1,16,150,98.8
553,1,17,151,98.8
554,1,18,152,99.4
555,1,19,153,99.6
556,1,20,154,99.6
557,1,21,155,99.6
558,1,22,156,99.6
559,1,23,157,99.6
560,1,24,158,99.6
561,1,25,159,99.6
562,1,26,160,99.9
563,1,27,161,99.9
564,1,28,162,99.8
565,1,29,163,99.7
566,1,30,164,99.7
567,1,31,165,99.7
568,1,32,166,99.7
569,1,33,167,99.7
570,1,34,168,99.9
571,1,35,169,99.9
572,1,36,170,99.9
573,1,37,171,99.9
574,1,38,172,99.9
575,1,39,173,99.9
576,1,40,174,99.8
577,1,41,175,99.8
578,1,42,176,100.1
579,1,43,177,100.1
580,1,44,178,100.1
581,1,45,179,100.1
582,1,46,180,100.3
583,1,47,181,100.3
584,1,48,182,100.3
585,1,49,183,100.3
586,1,50,184,100.2
587,1,51,185,100.2
588,1,52,186,100.3
589,1,53,187,100.3
590,1,54,188,100.0
591,1,55,189,99.8
592,1,56,190,100.0
593,1,57,191,100.0
594,1,58,192,100.0
595,1,59,193,100.0
596,1,60,194,99.6
597,1,61,195,99.6
598,1,62,196,99.5
599,1,63,197,99.5
600,1,64,198,99.5
601,1,65,199,99.4
602,1,66,200,99.4
603,1,67,201,98.9
604,1,68,202,98.9
605,1,69,203,98.9
606,1,70,204,99.0
607,1,71,205,99.0
608,1,72,206,99.0
609,1,73,207,99.0
610,1,74,208,99.0
611,1,75,209,99.0
612,1,76,210,98.9
613,1,77,211,98.7
614,1,78,212,98.9
615,1,79,213,98.9
616,1,80,214,98.5
617,1,81,215,98.4
618,1,82,216,98.0
619,1,83,217,98.1
620,1,84,218,98.1
621,1,85,219,98.1
622,1,86,220,98.1
623,1,87,221,97.8
624,1,88,222,97.8
625,1,89,223,97.3
626,1,90,224,97.1
627,1,91,225,96.9
628,1,92,226,97.0
629,1,93,227,97.3
630,1,94,228,97.4
631,1,95,229,97.4
632,1,96,230,97.4
633,1,97,231,97.4
634,1,98,232,97.2
635,1,99,233,97.2
636,1,100,234,97.2
637,1,101,235,97.2
638,1,102,236,96.9
639,1,103,237,96.9
640,1,104,238,98.0
641,1,105,239,100.0
642,1,106,240,100.5
643,1,107,241,100.7
644,1,108,242,100.7
645,1,109,243,100.7
646,1,110,244,101.5
647,1,111,245,102.1
648,1,112,246,101.7
649,1,113,247,102.2
650,1,114,248,102.3
651,1,115,249,102.8
652,1,116,250,102.3
653,1,117,251,102.3
654,1,118,252,103.5
655,1,119,253,103.5
656,1,120,254,104.7
657,1,121,255,104.7
658,1,122,256,104.7
659,1,123,257,104.7
660,1,124,258,104.7
661,1,125,259,105.2
662,1,126,260,105.2
663,1,127,261,105.2
664,1,128,262,105.6
665,1,129,263,105.6
666,1,130,264,105.6
667,1,131,265,105.6
668,1,132,266,106.2
669,1,133,267,106.2
670,3,0,402,93.9
671,3,1,403,95.0
672,3,2,404,95.0
673,3,3,405,95.0
674,3,4,406,95.2
675,3,5,407,95.0
676,3,6,408,95.5
677,3,7,409,95.9
678,3,8,410,95.8
679,3,9,411,95.8
680,3,10,412,96.3
681,3,11,413,96.5
682,3,12,414,96.6
683,3,13,415,97.6
684,3,14,416,97.6
685,3,15,417,97.6
686,3,16,418,97.9
687,3,17,419,97.8
688,3,18,420,98.2
689,3,19,421,98.1
690,3,20,422,98.2
691,3,21,423,98.2
692,3,22,424,98.2
693,3,23,425,98.1
694,3,24,426,98.1
695,3,25,427,98.0
696,3,26,428,98.1
697,3,27,429,98.1
698,3,28,430,98.1
699,3,29,431,98.0
700,3,30,432,98.0
701,3,31,433,98.0
702,3,32,434,98.3
703,3,33,435,98.4
704,3,34,436,98.4
705,3,35,437,98.4
706,3,36,438,98.4
707,3,37,439,98.8
708,3,38,440,98.9
709,3,39,441,98.9
710,3,40,442,99.0
711,3,41,443,99.1
712,3,42,444,99.0
713,3,43,445,99.0
714,3,44,446,99.0
715,3,45,447,99.1
716,3,46,448,98.7
717,3,47,449,98.9
718,3,48,450,98.9
719,3,49,451,98.9
720,3,50,452,98.9
721,3,51,453,98.9
722,3,52,454,99.0
723,3,53,455,99.0
724,3,54,456,99.3
725,3,55,457,99.3
726,3,56,458,99.3
727,3,57,459,99.8
728,3,58,460,100.0
729,3,59,461,100.0
730,3,60,462,100.2
731,3,61,463,100.2
732,3,62,464,100.2
733,3,63,465,100.0
734,3,64,466,100.4
735,3,65,467,100.4
736,3,66,468,100.8
737,3,67,469,100.7
738,3,68,470,100.8
739,3,69,471,101.1
740,3,70,472,101.1
741,3,71,473,101.0
742,3,72,474,101.0
743,3,73,475,101.0
744,3,74,476,101.5
745,3,75,477,101.9
746,3,76,478,101.8
747,3,77,479,101.8
748,3,78,480,102.0
749,3,79,481,102.0
750,3,80,482,101.7
751,3,81,483,101.6
752,3,82,484,101.6
753,3,83,485,101.6
754,3,84,486,101.9
755,3,85,487,102.1
756,3,86,488,102.1
757,3,87,489,102.1
758,3,88,490,102.5
759,3,89,491,102.5
760,3,90,492,102.7
761,3,91,493,102.5
762,3,92,494,102.5
763,3,93,495,102.5
764,3,94,496,102.5
765,3,95,497,102.5
766,3,96,498,102.9
767,3,97,499,103.6
768,3,98,500,103.8
769,3,99,501,103.9
770,3,100,502,104.4
771,3,101,503,104.9
772,3,102,504,105.4
773,3,103,505,107.1
774,3,104,506,108.0
775,3,105,507,109.3
776,3,106,508,110.1
777,3,107,509,110.1
778,3,108,510,110.1
779,3,109,511,112.7
780,3,110,512,113.8
781,3,111,513,116.0
782,3,112,514,117.8
783,3,113,515,117.8
784,3,114,516,117.8
785,3,115,517,117.8
786,3,116,518,117.8
787,3,117,519,117.8
788,3,118,520,117.8
789,3,119,521,117.8
790,3,120,522,117.8
791,3,121,523,117.8
792,3,122,524,119.1
793,3,123,525,119.1
794,3,124,526,122.0
795,3,125,527,122.0
796,3,126,528,122.0
797,3,127,529,122.0
798,3,128,530,122.0
799,3,129,531,122.0
800,3,130,532,122.0
801,3,131,533,122.0
802,3,132,534,121.6
803,3,133,535,121.6
1072,6,0,804,85.5
1073,6,1,805,85.9
1074,6,2,806,86.3
1075,6,3,807,86.5
1076,6,4,808,86.9
1077,6,5,809,87.2
1078,6,6,810,87.3
1079,6,7,811,87.5
1080,6,8,812,87.8
1081,6,9,813,88.0
1082,6,10,814,88.2
1083,6,11,815,88.4
1084,6,12,816,88.5
1085,6,13,817,88.5
1086,6,14,818,88.6
1087,6,15,819,88.7
1088,6,16,820,88.8
1089,6,17,821,88.8
1090,6,18,822,89.0
1091,6,19,823,89.1
1092,6,20,824,89.1
1093,6,21,825,89.2
1094,6,22,826,89.3
1095,6,23,827,89.4
1096,6,24,828,89.5
1097,6,25,829,89.8
1098,6,26,830,89.8
1099,6,27,831,90.2
1100,6,28,832,90.2
1101,6,29,833,90.4
1102,6,30,834,90.4
1103,6,31,835,90.7
1104,6,32,836,90.9
1105,6,33,837,91.0
1106,6,34,838,91.1
1107,6,35,839,91.2
1108,6,36,840,91.2
1109,6,37,841,91.4
1110,6,38,842,91.6
1111,6,39,843,91.8
1112,6,40,844,92.1
1113,6,41,845,92.6
1114,6,42,846,92.8
1115,6,43,847,93.3
1116,6,44,848,93.4
1117,6,45,849,93.8
1118,6,46,850,93.9
1119,6,47,851,94.1
1120,6,48,852,94.2
1121,6,49,853,94.6
1122,6,50,854,94.8
1123,6,51,855,95.3
1124,6,52,856,96.6
1125,6,53,857,97.0
1126,6,54,858,97.8
1127,6,55,859,98.2
1128,6,56,860,98.5
1129,6,57,861,99.5
1130,6,58,862,99.9
1131,6,59,863,100.0
1132,6,60,864,100.3
1133,6,61,865,101.1
1134,6,62,866,101.4
1135,6,63,867,103.0
1136,6,64,868,103.8
1137,6,65,869,103.9
1138,6,66,870,104.1
1139,6,67,871,104.2
1140,6,68,872,104.3
1141,6,69,873,104.4
1142,6,70,874,104.5
1143,6,71,875,104.5
1144,6,72,876,104.6
1145,6,73,877,104.3
1146,6,74,878,104.3
1147,6,75,879,104.1
1148,6,76,880,104.1
1149,6,77,881,104.2
1150,6,78,882,104.3
1151,6,79,883,104.4
1152,6,80,884,104.4
1153,6,81,885,104.5
1154,6,82,886,104.6
1155,6,83,887,104.6
1156,6,84,888,104.5
1157,6,85,889,104.5
1158,6,86,890,104.6
1159,6,87,891,104.6
1160,6,88,892,104.6
1161,6,89,893,104.7
1162,6,90,894,104.5
1163,6,91,895,104.5
1164,6,92,896,105.0
1165,6,93,897,105.2
1166,6,94,898,105.3
1167,6,95,899,105.5
1168,6,96,900,105.4
1169,6,97,901,105.9
1170,6,98,902,106.3
1171,6,99,903,106.4
1172,6,100,904,106.5
1173,6,101,905,106.7
1174,6,102,906,107.2
1175,6,103,907,107.7
1176,6,104,908,108.8
1177,6,105,909,109.5
1178,6,106,910,110.2
1179,6,107,911,110.8
1180,6,108,912,112.2
1181,6,109,913,113.7
1182,6,110,914,115.2
1183,6,111,915,117.4
1184,6,112,916,118.6
1185,6,113,917,119.3
1186,6,114,918,119.8
1187,6,115,919,121.1
1188,6,116,920,121.3
1189,6,117,921,122.8
1190,6,118,922,124.2
1191,6,119,923,124.4
1192,6,120,924,124.8
1193,6,121,925,125.6
1194,6,122,926,126.5
1195,6,123,927,126.8
1196,6,124,928,127.2
1197,6,125,929,127.5
1198,6,126,930,127.5
1199,6,127,931,127.6
1200,6,128,932,127.4
1201,6,129,933,127.4
1202,6,130,934,127.3
1203,6,131,935,127.3
1204,6,132,936,127.2
1205,6,133,937,126.8
1206,2,0,268,100.7
1207,2,1,269,100.2
1208,2,2,270,100.2
1209,2,3,271,100.3
1210,2,4,272,99.9
1211,2,5,273,100.0
1212,2,6,274,100.2
1213,2,7,275,100.1
1214,2,8,276,100.2
1215,2,9,277,100.0
1216,2,10,278,100.0
1217,2,11,279,99.2
1218,2,12,280,100.1
1219,2,13,281,100.1
1220,2,14,282,100.1
1221,2,15,283,100.5
1222,2,16,284,100.6
1223,2,17,285,100.8
1224,2,18,286,100.9
1225,2,19,287,100.9
1226,2,20,288,100.9
1227,2,21,289,100.8
1228,2,22,290,100.8
1229,2,23,291,100.8
1230,2,24,292,100.5
1231,2,25,293,100.2
1232,2,26,294,99.7
1233,2,27,295,99.7
1234,2,28,296,99.6
1235,2,29,297,99.4
1236,2,30,298,99.3
1237,2,31,299,99.3
1238,2,32,300,99.1
1239,2,33,301,99.1
1240,2,34,302,98.8
1241,2,35,303,99.3
1242,2,36,304,99.3
1243,2,37,305,99.3
1244,2,38,306,99.5
1245,2,39,307,100.5
1246,2,40,308,100.4
1247,2,41,309,100.1
1248,2,42,310,100.1
1249,2,43,311,100.0
1250,2,44,312,99.0
1251,2,45,313,99.0
1252,2,46,314,99.1
1253,2,47,315,99.1
1254,2,48,316,99.1
1255,2,49,317,100.3
1256,2,50,318,100.3
1257,2,51,319,100.4
1258,2,52,320,100.0
1259,2,53,321,100.0
1260,2,54,322,100.0
1261,2,55,323,100.0
1262,2,56,324,100.0
1263,2,57,325,100.0
1264,2,58,326,100.0
1265,2,59,327,100.0
1266,2,60,328,100.0
1267,2,61,329,100.0
1268,2,62,330,100.0
1269,2,63,331,100.0
1270,2,64,332,99.8
1271,2,65,333,99.7
1272,2,66,334,100.3
1273,2,67,335,100.3
1274,2,68,336,100.3
1275,2,69,337,100.3
1276,2,70,338,100.3
1277,2,71,339,100.3
1278,2,72,340,100.3
1279,2,73,341,100.3
1280,2,74,342,100.5
1281,2,75,343,100.5
1282,2,76,344,100.5
1283,2,77,345,100.4
1284,2,78,346,100.5
1285,2,79,347,100.5
1286,2,80,348,100.3
1287,2,81,349,100.2
1288,2,82,350,100.0
1289,2,83,351,100.1
1290,2,84,352,100.1
1291,2,85,353,100.1
1292,2,86,354,100.1
1293,2,87,355,100.1
1294,2,88,356,101.1
1295,2,89,357,101.1
1296,2,90,358,101.1
1297,2,91,359,101.1
1298,2,92,360,102.0
1299,2,93,361,102.0
1300,2,94,362,102.0
1301,2,95,363,102.0
1302,2,96,364,102.0
1303,2,97,365,102.0
1304,2,98,366,102.0
1305,2,99,367,102.0
1306,2,100,368,102.6
1307,2,101,369,102.6
1308,2,102,370,102.6
1309,2,103,371,102.6
1310,2,104,372,104.7
1311,2,105,373,104.7
1312,2,106,374,106.5
1313,2,107,375,106.5
1314,2,108,376,110.0
1315,2,109,377,110.2
1316,2,110,378,113.9
1317,2,111,379,115.2
1318,2,112,380,118.9
1319,2,113,381,118.9
1320,2,114,382,119.7
1321,2,115,383,119.8
1322,2,116,384,119.7
1323,2,117,385,119.7
1324,2,118,386,119.7
1325,2,119,387,119.5
1326,2,120,388,119.5
1327,2,121,389,119.5
1328,2,122,390,121.3
1329,2,123,391,121.3
1330,2,124,392,121.3
1331,2,125,393,122.5
1332,2,126,394,122.8
1333,2,127,395,122.8
1334,2,128,396,122.6
1335,2,129,397,122.6
1336,2,130,398,122.6
1337,2,131,399,122.6
1338,2,132,400,122.6
1339,2,133,401,122.6
1340,5,0,670,96.8
1341,5,1,671,97.0
1342,5,2,672,97.2
1343,5,3,673,97.2
1344,5,4,674,97.3
1345,5,5,675,97.4
1346,5,6,676,97.5
1347,5,7,677,97.7
1348,5,8,678,97.7
1349,5,9,679,98.0
1350,5,10,680,98.2
1351,5,11,681,98.2
1352,5,12,682,98.2
1353,5,13,683,98.3
1354,5,14,684,98.3
1355,5,15,685,98.2
1356,5,16,686,98.4
1357,5,17,687,98.6
1358,5,18,688,98.5
1359,5,19,689,98.6
1360,5,20,690,98.6
1361,5,21,691,98.6
1362,5,22,692,98.7
1363,5,23,693,98.7
1364,5,24,694,98.8
1365,5,25,695,98.8
1366,5,26,696,98.8
1367,5,27,697,98.8
1368,5,28,698,98.9
1369,5,29,699,98.9
1370,5,30,700,98.9
1371,5,31,701,98.9
1372,5,32,702,98.7
1373,5,33,703,98.8
1374,5,34,704,98.8
1375,5,35,705,98.7
1376,5,36,706,98.8
1377,5,37,707,99.0
1378,5,38,708,99.0
1379,5,39,709,98.9
1380,5,40,710,98.7
1381,5,41,711,98.7
1382,5,42,712,98.9
1383,5,43,713,99.0
1384,5,44,714,99.1
1385,5,45,715,99.1
1386,5,46,716,99.4
1387,5,47,717,99.4
1388,5,48,718,99.4
1389,5,49,719,99.5
1390,5,50,720,99.6
1391,5,51,721,99.6
1392,5,52,722,99.6
1393,5,53,723,99.6
1394,5,54,724,99.7
1395,5,55,725,99.7
1396,5,56,726,100.0
1397,5,57,727,100.0
1398,5,58,728,100.0
1399,5,59,729,100.0
1400,5,60,730,100.1
1401,5,61,731,100.3
1402,5,62,732,100.2
1403,5,63,733,100.3
1404,5,64,734,100.4
1405,5,65,735,100.5
1406,5,66,736,100.7
1407,5,67,737,100.7
1408,5,68,738,100.8
1409,5,69,739,101.0
1410,5,70,740,101.1
1411,5,71,741,101.1
1412,5,72,742,101.4
1413,5,73,743,101.8
1414,5,74,744,101.8
1415,5,75,745,101.9
1416,5,76,746,101.9
1417,5,77,747,102.6
1418,5,78,748,102.7
1419,5,79,749,103.0
1420,5,80,750,103.1
1421,5,81,751,103.2
1422,5,82,752,103.5
1423,5,83,753,103.5
1424,5,84,754,103.6
1425,5,85,755,103.6
1426,5,86,756,103.7
1427,5,87,757,103.8
1428,5,88,758,104.0
1429,5,89,759,104.3
1430,5,90,760,105.4
1431,5,91,761,106.3
1432,5,92,762,106.8
1433,5,93,763,107.5
1434,5,94,764,108.4
1435,5,95,765,108.6
1436,5,96,766,108.8
1437,5,97,767,109.5
1438,5,98,768,110.1
1439,5,99,769,110.3
1440,5,100,770,110.3
1441,5,101,771,110.7
1442,5,102,772,111.1
1443,5,103,773,111.8
1444,5,104,774,112.7
1445,5,105,775,115.2
1446,5,106,776,116.7
1447,5,107,777,117.5
1448,5,108,778,117.8
1449,5,109,779,118.8
1450,5,110,780,120.5
1451,5,111,781,127.2
1452,5,112,782,128.6
1453,5,113,783,129.5
1454,5,114,784,130.1
1455,5,115,785,131.4
1456,5,116,786,133.3
1457,5,117,787,133.6
1458,5,118,788,134.8
1459,5,119,789,135.3
1460,5,120,790,135.6
1461,5,121,791,137.4
1462,5,122,792,140.9
1463,5,123,793,140.5
1464,5,124,794,141.6
1465,5,125,795,141.5
1466,5,126,796,141.4
1467,5,127,797,141.5
1468,5,128,798,141.3
1469,5,129,799,141.9
1470,5,130,800,141.4
1471,5,131,801,141.7
1472,5,132,802,141.7
1473,5,133,803,141.5
1474,8,0,1072,97.4
1475,8,1,1073,98.2
1476,8,2,1074,98.2
1477,8,3,1075,98.7
1478,8,4,1076,98.9
1479,8,5,1077,99.0
1480,8,6,1078,99.0
1481,8,7,1079,99.0
1482,8,8,1080,99.0
1483,8,9,1081,99.0
1484,8,10,1082,99.0
1485,8,11,1083,99.1
1486,8,12,1084,99.1
1487,8,13,1085,99.5
1488,8,14,1086,100.1
1489,8,15,1087,100.4
1490,8,16,1088,100.4
1491,8,17,1089,100.8
1492,8,18,1090,100.6
1493,8,19,1091,100.9
1494,8,20,1092,100.9
1495,8,21,1093,101.5
1496,8,22,1094,101.6
1497,8,23,1095,101.6
1498,8,24,1096,102.6
1499,8,25,1097,102.7
1500,8,26,1098,102.6
1501,8,27,1099,102.5
1502,8,28,1100,102.6
1503,8,29,1101,102.7
1504,8,30,1102,102.6
1505,8,31,1103,102.6
1506,8,32,1104,102.5
1507,8,33,1105,102.5
1508,8,34,1106,102.5
1509,8,35,1107,102.4
1510,8,36,1108,102.4
1511,8,37,1109,102.3
1512,8,38,1110,102.1
1513,8,39,1111,101.7
1514,8,40,1112,102.1
1515,8,41,1113,101.8
1516,8,42,1114,102.1
1517,8,43,1115,102.0
1518,8,44,1116,101.6
1519,8,45,1117,101.3
1520,8,46,1118,101.0
1521,8,47,1119,101.1
1522,8,48,1120,101.0
1523,8,49,1121,100.8
1524,8,50,1122,100.6
1525,8,51,1123,100.3
1526,8,52,1124,100.2
1527,8,53,1125,100.1
1528,8,54,1126,100.0
1529,8,55,1127,99.8
1530,8,56,1128,99.8
1531,8,57,1129,99.8
1532,8,58,1130,99.7
1533,8,59,1131,100.0
1534,8,60,1132,99.9
1535,8,61,1133,100.0
1536,8,62,1134,100.0
1537,8,63,1135,100.0
1538,8,64,1136,99.8
1539,8,65,1137,99.6
1540,8,66,1138,99.6
1541,8,67,1139,99.7
1542,8,68,1140,99.5
1543,8,69,1141,99.5
1544,8,70,1142,99.1
1545,8,71,1143,99.1
1546,8,72,1144,99.1
1547,8,73,1145,98.6
1548,8,74,1146,98.6
1549,8,75,1147,98.9
1550,8,76,1148,98.7
1551,8,77,1149,98.5
1552,8,78,1150,98.6
1553,8,79,1151,98.4
1554,8,80,1152,98.2
1555,8,81,1153,98.1
1556,8,82,1154,97.9
1557,8,83,1155,97.7
1558,8,84,1156,97.6
1559,8,85,1157,97.6
1560,8,86,1158,97.6
1561,8,87,1159,96.9
1562,8,88,1160,96.8
1563,8,89,1161,96.8
1564,8,90,1162,96.7
1565,8,91,1163,96.5
1566,8,92,1164,96.7
1567,8,93,1165,96.8
1568,8,94,1166,96.0
1569,8,95,1167,96.2
1570,8,96,1168,95.5
1571,8,97,1169,95.3
1572,8,98,1170,95.1
1573,8,99,1171,95.0
1574,8,100,1172,95.1
1575,8,101,1173,95.0
1576,8,102,1174,94.8
1577,8,103,1175,95.0
1578,8,104,1176,94.8
1579,8,105,1177,95.3
1580,8,106,1178,95.2
1581,8,107,1179,95.5
1582,8,108,1180,95.9
1583,8,109,1181,96.2
1584,8,110,1182,97.5
1585,8,111,1183,97.9
1586,8,112,1184,100.4
1587,8,113,1185,102.2
1588,8,114,1186,103.0
1589,8,115,1187,103.0
1590,8,116,1188,102.4
1591,8,117,1189,102.8
1592,8,118,1190,102.9
1593,8,119,1191,103.3
1594,8,120,1192,103.8
1595,8,121,1193,104.1
1596,8,122,1194,104.9
1597,8,123,1195,105.7
1598,8,124,1196,105.8
1599,8,125,1197,106.2
1600,8,126,1198,106.1
1601,8,127,1199,106.7
1602,8,128,1200,106.9
1603,8,129,1201,106.9
1604,8,130,1202,106.5
1605,8,131,1203,106.2
1606,8,132,1204,106.2
1607,8,133,1205,105.5
