real_estate_key,total_price_index,house_price_index,land_price_index,date_key,location_key
0,90.8,89.4,93.8,0,0
1,91.0,89.6,93.9,1,0
2,91.3,89.9,94.1,2,0
3,91.5,90.2,94.2,3,0
4,91.7,90.4,94.4,4,0
5,91.9,90.7,94.6,5,0
6,92.0,90.7,94.6,6,0
7,92.1,90.9,94.6,7,0
8,92.3,91.1,94.8,8,0
9,92.5,91.4,94.8,9,0
10,92.6,91.5,94.8,10,0
11,92.7,91.7,94.9,11,0
12,92.8,91.8,95.0,12,0
13,93.0,91.9,95.2,13,0
14,93.0,92.0,95.2,14,0
15,93.2,92.2,95.3,15,0
16,93.4,92.4,95.4,16,0
17,93.5,92.5,95.5,17,0
18,93.6,92.7,95.6,18,0
19,93.7,92.8,95.7,19,0
20,93.8,92.8,95.7,20,0
21,93.8,92.9,95.7,21,0
22,93.9,92.9,95.8,22,0
23,93.9,93.0,95.8,23,0
24,94.1,93.3,95.9,24,0
25,94.4,93.6,96.0,25,0
26,94.5,93.7,96.1,26,0
27,94.7,94.0,96.2,27,0
28,94.8,94.1,96.3,28,0
29,94.9,94.3,96.4,29,0
30,94.9,94.3,96.4,30,0
31,95.2,94.5,96.6,31,0
32,95.3,94.6,96.6,32,0
33,95.4,94.7,96.7,33,0
34,95.5,94.8,96.8,34,0
35,95.5,94.9,96.8,35,0
36,95.5,94.8,96.9,36,0
37,95.6,95.0,97.0,37,0
38,95.7,95.0,97.0,38,0
39,95.7,95.1,97.0,39,0
40,95.9,95.1,97.6,40,0
41,96.1,95.3,97.9,41,0
42,96.2,95.5,97.9,42,0
43,96.5,95.8,98.0,43,0
44,96.6,95.9,98.0,44,0
45,96.8,96.2,98.1,45,0
46,96.9,96.4,98.1,46,0
47,97.0,96.5,98.1,47,0
48,97.1,96.7,98.1,48,0
49,97.3,97.0,98.1,49,0
50,97.5,97.2,98.1,50,0
51,97.7,97.6,98.1,51,0
52,98.5,98.5,98.5,52,0
53,98.6,98.5,98.6,53,0
54,99.0,99.0,98.7,54,0
55,99.1,99.3,98.7,55,0
56,99.3,99.3,99.0,56,0
57,99.7,99.8,99.5,57,0
58,99.9,99.9,100.0,58,0
59,100.0,100.0,100.0,59,0
60,100.1,99.9,100.4,60,0
61,100.5,100.2,100.9,61,0
62,100.7,100.4,101.3,62,0
63,101.5,101.2,102.3,63,0
64,102.2,101.7,103.1,64,0
65,102.4,102.1,103.1,65,0
66,102.8,102.7,103.3,66,0
67,102.9,102.8,103.3,67,0
68,103.1,102.9,103.6,68,0
69,103.2,103.1,103.6,69,0
70,103.3,103.2,103.6,70,0
71,103.3,103.2,103.7,71,0
72,103.3,103.2,103.7,72,0
73,103.1,102.9,103.8,73,0
74,103.1,102.9,103.7,74,0
75,103.1,102.7,103.7,75,0
76,103.1,102.7,103.8,76,0
77,103.2,103.0,103.9,77,0
78,103.3,103.1,103.9,78,0
79,103.3,103.0,103.9,79,0
80,103.3,102.9,104.0,80,0
81,103.3,102.9,104.0,81,0
82,103.3,102.9,104.1,82,0
83,103.3,102.9,104.1,83,0
84,103.2,102.8,104.1,84,0
85,103.2,102.8,104.1,85,0
86,103.2,102.8,104.1,86,0
87,103.2,102.6,104.1,87,0
88,103.1,102.5,104.2,88,0
89,103.0,102.4,104.2,89,0
90,102.9,102.2,104.1,90,0
91,103.0,102.3,104.2,91,0
92,103.2,102.6,104.2,92,0
93,103.3,102.7,104.2,93,0
94,103.2,102.5,104.3,94,0
95,103.4,102.8,104.4,95,0
96,103.4,102.6,104.8,96,0
97,103.8,103.1,105.0,97,0
98,104.1,103.5,105.1,98,0
99,104.1,103.5,105.1,99,0
100,104.2,103.6,105.1,100,0
101,104.3,103.7,105.2,101,0
102,104.7,103.9,105.9,102,0
103,105.2,104.6,106.3,103,0
104,106.5,106.1,106.8,104,0
105,107.3,107.3,107.4,105,0
106,107.9,108.0,107.8,106,0
107,108.2,108.3,108.0,107,0
108,109.0,109.3,108.4,108,0
109,111.1,111.0,110.1,109,0
110,112.3,112.4,110.7,110,0
111,114.4,114.3,112.9,111,0
112,116.0,116.6,113.4,112,0
113,116.7,117.9,112.9,113,0
114,117.2,118.6,113.0,114,0
115,118.0,119.5,113.5,115,0
116,118.5,120.1,113.8,116,0
117,119.6,121.4,114.4,117,0
118,120.5,122.4,115.1,118,0
119,120.8,122.9,115.2,119,0
120,121.9,124.3,115.5,120,0
121,123.2,126.0,116.1,121,0
122,124.7,127.9,116.5,122,0
123,125.1,128.6,116.7,123,0
124,125.7,129.4,116.8,124,0
125,125.9,129.6,117.0,125,0
126,126.0,129.6,117.2,126,0
127,126.1,129.8,117.2,127,0
128,126.0,129.7,117.1,128,0
129,125.7,129.4,116.7,129,0
130,125.5,129.3,116.6,130,0
131,125.5,129.2,116.6,131,0
132,125.2,128.9,116.5,132,0
133,124.9,128.5,116.4,133,0
134,96.5,97.0,94.7,0,1
135,96.5,97.0,94.7,1,1
136,96.8,97.5,94.8,2,1
137,96.8,97.4,94.8,3,1
138,97.0,97.6,95.0,4,1
139,97.1,97.6,95.3,5,1
140,97.7,98.3,95.6,6,1
141,97.7,98.4,95.6,7,1
142,97.5,98.1,95.6,8,1
143,97.5,98.1,95.6,9,1
144,97.5,98.1,95.6,10,1
145,97.5,98.1,95.6,11,1
146,97.7,98.3,95.7,12,1
147,97.7,98.2,95.7,13,1
148,97.7,98.2,95.7,14,1
149,98.6,99.5,96.1,15,1
150,98.8,99.5,96.6,16,1
151,98.8,99.5,96.6,17,1
152,99.4,100.0,97.6,18,1
153,99.6,100.0,98.3,19,1
154,99.6,100.0,98.3,20,1
155,99.6,100.0,98.3,21,1
156,99.6,100.0,98.5,22,1
157,99.6,100.0,98.5,23,1
158,99.6,100.0,98.5,24,1
159,99.6,100.0,98.3,25,1
160,99.9,100.3,98.5,26,1
161,99.9,100.3,98.5,27,1
162,99.8,100.1,98.6,28,1
163,99.7,100.0,98.6,29,1
164,99.7,100.0,98.6,30,1
165,99.7,100.0,98.6,31,1
166,99.7,100.0,98.6,32,1
167,99.7,100.0,98.6,33,1
168,99.9,100.2,98.9,34,1
169,99.9,100.2,98.9,35,1
170,99.9,100.2,98.9,36,1
171,99.9,100.2,98.9,37,1
172,99.9,100.2,98.9,38,1
173,99.9,100.2,98.9,39,1
174,99.8,99.9,99.2,40,1
175,99.8,99.9,99.2,41,1
176,100.1,100.2,99.4,42,1
177,100.1,100.2,99.4,43,1
178,100.1,100.2,99.4,44,1
179,100.1,100.2,99.4,45,1
180,100.3,100.4,99.7,46,1
181,100.3,100.4,99.7,47,1
182,100.3,100.4,99.7,48,1
183,100.3,100.4,99.9,49,1
184,100.2,100.2,99.9,50,1
185,100.2,100.2,99.9,51,1
186,100.3,100.2,100.1,52,1
187,100.3,100.2,100.1,53,1
188,100.0,99.8,100.1,54,1
189,99.8,99.7,100.0,55,1
190,100.0,100.1,100.0,56,1
191,100.0,100.1,100.0,57,1
192,100.0,100.0,100.0,58,1
193,100.0,100.0,100.0,59,1
194,99.6,99.5,100.0,60,1
195,99.6,99.5,100.0,61,1
196,99.5,99.3,100.0,62,1
197,99.5,99.2,100.0,63,1
198,99.5,99.2,100.0,64,1
199,99.4,99.1,100.0,65,1
200,99.4,99.3,99.8,66,1
201,98.9,98.6,99.8,67,1
202,98.9,98.6,99.8,68,1
203,98.9,98.6,99.8,69,1
204,99.0,98.8,99.8,70,1
205,99.0,98.8,99.8,71,1
206,99.0,98.8,99.8,72,1
207,99.0,98.8,99.8,73,1
208,99.0,98.8,99.8,74,1
209,99.0,98.8,99.8,75,1
210,98.9,98.6,99.8,76,1
211,98.7,98.3,99.8,77,1
212,98.9,98.4,100.1,78,1
213,98.9,98.4,100.1,79,1
214,98.5,97.9,100.1,80,1
215,98.4,97.7,100.1,81,1
216,98.0,97.2,100.1,82,1
217,98.1,97.2,100.1,83,1
218,98.1,97.3,100.1,84,1
219,98.1,97.3,100.1,85,1
220,98.1,97.3,100.1,86,1
221,97.8,96.9,100.1,87,1
222,97.8,96.9,100.1,88,1
223,97.3,96.1,100.1,89,1
224,97.1,95.9,100.1,90,1
225,96.9,95.8,99.7,91,1
226,97.0,95.8,99.8,92,1
227,97.3,96.3,99.8,93,1
228,97.4,96.3,99.9,94,1
229,97.4,96.3,99.9,95,1
230,97.4,96.3,99.9,96,1
231,97.4,96.3,99.9,97,1
232,97.2,96.0,99.9,98,1
233,97.2,96.0,99.9,99,1
234,97.2,96.0,99.9,100,1
235,97.2,96.0,99.9,101,1
236,96.9,95.7,99.7,102,1
237,96.9,95.8,99.7,103,1
238,98.0,97.2,99.9,104,1
239,100.0,100.3,99.9,105,1
240,100.5,101.1,99.9,106,1
241,100.7,101.4,99.9,107,1
242,100.7,101.3,99.9,108,1
243,100.7,101.3,99.9,109,1
244,101.5,102.5,99.9,110,1
245,102.1,103.3,99.9,111,1
246,101.7,102.8,99.9,112,1
247,102.2,103.5,99.9,113,1
248,102.3,103.6,99.9,114,1
249,102.8,103.7,101.8,115,1
250,102.3,103.1,101.8,116,1
251,102.3,103.1,101.8,117,1
252,103.5,104.7,102.4,118,1
253,103.5,104.7,102.4,119,1
254,104.7,106.7,102.4,120,1
255,104.7,106.7,102.4,121,1
256,104.7,106.7,102.4,122,1
257,104.7,106.7,102.4,123,1
258,104.7,106.7,102.4,124,1
259,105.2,107.4,102.4,125,1
260,105.2,107.4,102.4,126,1
261,105.2,107.4,102.4,127,1
262,105.6,108.1,102.4,128,1
263,105.6,108.1,102.4,129,1
264,105.6,108.1,102.4,130,1
265,105.6,108.1,102.4,131,1
266,106.2,108.8,102.4,132,1
267,106.2,108.8,102.4,133,1
268,100.7,101.9,95.1,0,2
269,100.2,101.4,95.1,1,2
270,100.2,101.4,95.1,2,2
271,100.3,101.4,95.6,3,2
272,99.9,100.9,95.6,4,2
273,100.0,101.0,96.0,5,2
274,100.2,101.2,96.0,6,2
275,100.1,101.1,96.0,7,2
276,100.2,101.2,96.0,8,2
277,100.0,101.0,96.0,9,2
278,100.0,101.0,96.0,10,2
279,99.2,100.0,96.0,11,2
280,100.1,101.1,96.0,12,2
281,100.1,101.1,96.0,13,2
282,100.1,101.1,96.0,14,2
283,100.5,101.4,96.3,15,2
284,100.6,101.5,96.7,16,2
285,100.8,101.8,96.7,17,2
286,100.9,101.9,96.7,18,2
287,100.9,101.9,96.7,19,2
288,100.9,101.9,96.7,20,2
289,100.8,101.8,96.7,21,2
290,100.8,101.8,96.7,22,2
291,100.8,101.8,96.7,23,2
292,100.5,101.4,96.7,24,2
293,100.2,100.8,97.4,25,2
294,99.7,100.3,97.4,26,2
295,99.7,100.3,97.4,27,2
296,99.6,100.2,97.4,28,2
297,99.4,99.9,97.4,29,2
298,99.3,99.7,97.4,30,2
299,99.3,99.7,97.4,31,2
300,99.1,99.5,97.4,32,2
301,99.1,99.5,97.4,33,2
302,98.8,99.2,97.4,34,2
303,99.3,99.6,98.0,35,2
304,99.3,99.6,98.0,36,2
305,99.3,99.6,98.0,37,2
306,99.5,99.8,98.5,38,2
307,100.5,100.8,99.4,39,2
308,100.4,100.6,99.4,40,2
309,100.1,100.3,99.4,41,2
310,100.1,100.3,99.4,42,2
311,100.0,100.2,99.4,43,2
312,99.0,99.0,99.4,44,2
313,99.0,99.0,99.4,45,2
314,99.1,99.1,99.4,46,2
315,99.1,99.1,99.4,47,2
316,99.1,99.1,99.4,48,2
317,100.3,100.6,99.4,49,2
318,100.3,100.6,99.4,50,2
319,100.4,100.5,100.0,51,2
320,100.0,100.0,100.0,52,2
321,100.0,100.0,100.0,53,2
322,100.0,100.0,100.0,54,2
323,100.0,100.0,100.0,55,2
324,100.0,100.0,100.0,56,2
325,100.0,100.0,100.0,57,2
326,100.0,100.0,100.0,58,2
327,100.0,100.0,100.0,59,2
328,100.0,100.0,100.0,60,2
329,100.0,100.0,100.0,61,2
330,100.0,100.0,100.0,62,2
331,100.0,100.0,100.0,63,2
332,99.8,99.8,100.0,64,2
333,99.7,99.7,100.0,65,2
334,100.3,100.4,100.0,66,2
335,100.3,100.4,100.0,67,2
336,100.3,100.4,100.0,68,2
337,100.3,100.4,100.0,69,2
338,100.3,100.4,100.0,70,2
339,100.3,100.4,100.0,71,2
340,100.3,100.4,100.0,72,2
341,100.3,100.4,100.0,73,2
342,100.5,100.6,100.1,74,2
343,100.5,100.7,100.1,75,2
344,100.5,100.6,100.1,76,2
345,100.4,100.5,100.1,77,2
346,100.5,100.5,100.2,78,2
347,100.5,100.6,100.2,79,2
348,100.3,100.3,100.2,80,2
349,100.2,100.1,100.2,81,2
350,100.0,99.9,100.2,82,2
351,100.1,100.0,100.2,83,2
352,100.1,100.0,100.2,84,2
353,100.1,100.0,100.2,85,2
354,100.1,100.0,100.2,86,2
355,100.1,100.0,100.2,87,2
356,101.1,101.2,100.2,88,2
357,101.1,101.2,100.2,89,2
358,101.1,101.2,100.2,90,2
359,101.1,101.2,100.2,91,2
360,102.0,102.4,100.2,92,2
361,102.0,102.4,100.2,93,2
362,102.0,102.4,100.2,94,2
363,102.0,102.4,100.2,95,2
364,102.0,102.4,100.2,96,2
365,102.0,102.4,100.2,97,2
366,102.0,102.4,100.2,98,2
367,102.0,102.4,100.2,99,2
368,102.6,103.1,100.3,100,2
369,102.6,103.1,100.3,101,2
370,102.6,103.1,100.3,102,2
371,102.6,103.1,100.3,103,2
372,104.7,105.7,100.4,104,2
373,104.7,105.7,100.4,105,2
374,106.5,107.1,103.3,106,2
375,106.5,107.0,103.3,107,2
376,110.0,111.3,103.3,108,2
377,110.2,111.5,103.3,109,2
378,113.9,116.0,103.3,110,2
379,115.2,117.5,103.3,111,2
380,118.9,121.9,103.3,112,2
381,118.9,121.9,103.3,113,2
382,119.7,123.8,103.3,114,2
383,119.8,123.9,103.3,115,2
384,119.7,123.8,103.3,116,2
385,119.7,123.8,103.3,117,2
386,119.7,123.8,103.3,118,2
387,119.5,123.6,103.1,119,2
388,119.5,123.6,103.1,120,2
389,119.5,123.6,103.1,121,2
390,121.3,125.5,104.5,122,2
391,121.3,125.5,104.5,123,2
392,121.3,125.5,104.5,124,2
393,122.5,126.9,104.5,125,2
394,122.8,127.3,104.5,126,2
395,122.8,127.3,104.5,127,2
396,122.6,127.0,104.5,128,2
397,122.6,127.0,104.5,129,2
398,122.6,127.0,104.5,130,2
399,122.6,127.0,104.5,131,2
400,122.6,127.0,104.5,132,2
401,122.6,127.0,104.5,133,2
402,93.9,93.1,96.6,0,3
403,95.0,94.6,96.6,1,3
404,95.0,94.6,96.6,2,3
405,95.0,94.7,96.6,3,3
406,95.2,94.8,96.6,4,3
407,95.0,94.6,96.6,5,3
408,95.5,95.3,96.6,6,3
409,95.9,95.6,96.9,7,3
410,95.8,95.5,96.9,8,3
411,95.8,95.5,96.9,9,3
412,96.3,96.1,97.3,10,3
413,96.5,96.3,97.3,11,3
414,96.6,96.5,97.3,12,3
415,97.6,97.4,98.1,13,3
416,97.6,97.4,98.1,14,3
417,97.6,97.4,98.1,15,3
418,97.9,97.9,98.1,16,3
419,97.8,97.8,98.1,17,3
420,98.2,98.2,98.3,18,3
421,98.1,98.0,98.3,19,3
422,98.2,98.2,98.3,20,3
423,98.2,98.3,98.3,21,3
424,98.2,98.3,98.3,22,3
425,98.1,98.1,98.3,23,3
426,98.1,98.1,98.3,24,3
427,98.0,98.0,98.3,25,3
428,98.1,98.2,98.3,26,3
429,98.1,98.1,98.3,27,3
430,98.1,98.1,98.3,28,3
431,98.0,98.0,98.3,29,3
432,98.0,97.9,98.3,30,3
433,98.0,97.9,98.3,31,3
434,98.3,98.3,98.5,32,3
435,98.4,98.4,98.5,33,3
436,98.4,98.4,98.5,34,3
437,98.4,98.4,98.5,35,3
438,98.4,98.4,98.5,36,3
439,98.8,98.8,99.3,37,3
440,98.9,98.8,99.3,38,3
441,98.9,98.8,99.3,39,3
442,99.0,98.9,99.3,40,3
443,99.1,99.2,99.3,41,3
444,99.0,99.0,99.3,42,3
445,99.0,99.0,99.3,43,3
446,99.0,99.0,99.3,44,3
447,99.1,99.2,99.3,45,3
448,98.7,98.6,99.3,46,3
449,98.9,98.8,99.3,47,3
450,98.9,98.8,99.3,48,3
451,98.9,98.8,99.3,49,3
452,98.9,98.8,99.3,50,3
453,98.9,98.8,99.3,51,3
454,99.0,98.9,99.3,52,3
455,99.0,98.9,99.3,53,3
456,99.3,99.3,99.3,54,3
457,99.3,99.3,99.3,55,3
458,99.3,99.1,100.0,56,3
459,99.8,99.7,100.0,57,3
460,100.0,100.0,100.0,58,3
461,100.0,100.0,100.0,59,3
462,100.2,100.2,100.0,60,3
463,100.2,100.2,100.0,61,3
464,100.2,100.3,100.0,62,3
465,100.0,100.0,99.9,63,3
466,100.4,100.6,99.9,64,3
467,100.4,100.6,99.9,65,3
468,100.8,101.0,99.9,66,3
469,100.7,100.9,99.9,67,3
470,100.8,101.0,99.9,68,3
471,101.1,101.4,99.9,69,3
472,101.1,101.4,99.9,70,3
473,101.0,101.3,99.9,71,3
474,101.0,101.3,99.9,72,3
475,101.0,101.3,99.9,73,3
476,101.5,101.8,100.2,74,3
477,101.9,102.3,100.2,75,3
478,101.8,102.2,100.2,76,3
479,101.8,102.2,100.2,77,3
480,102.0,102.5,100.2,78,3
481,102.0,102.5,100.2,79,3
482,101.7,102.2,100.2,80,3
483,101.6,102.0,100.2,81,3
484,101.6,102.0,100.2,82,3
485,101.6,102.0,100.2,83,3
486,101.9,102.4,100.2,84,3
487,102.1,102.6,100.2,85,3
488,102.1,102.6,100.2,86,3
489,102.1,102.6,100.2,87,3
490,102.5,103.2,100.2,88,3
491,102.5,103.2,100.2,89,3
492,102.7,103.4,100.2,90,3
493,102.5,103.2,100.0,91,3
494,102.5,103.2,100.0,92,3
495,102.5,103.2,100.0,93,3
496,102.5,103.2,100.0,94,3
497,102.5,103.2,100.0,95,3
498,102.9,103.7,100.0,96,3
499,103.6,104.5,100.0,97,3
500,103.8,104.5,101.2,98,3
501,103.9,104.7,101.2,99,3
502,104.4,105.3,101.2,100,3
503,104.9,105.8,101.7,101,3
504,105.4,106.4,101.6,102,3
505,107.1,108.1,103.7,103,3
506,108.0,109.3,103.7,104,3
507,109.3,111.0,103.6,105,3
508,110.1,112.2,103.6,106,3
509,110.1,112.2,103.6,107,3
510,110.1,112.2,103.6,108,3
511,112.7,115.5,103.6,109,3
512,113.8,117.0,103.6,110,3
513,116.0,120.0,103.5,111,3
514,117.8,122.3,103.5,112,3
515,117.8,122.3,103.5,113,3
516,117.8,122.3,103.5,114,3
517,117.8,122.3,103.5,115,3
518,117.8,122.3,103.5,116,3
519,117.8,122.3,103.5,117,3
520,117.8,122.3,103.5,118,3
521,117.8,122.3,103.5,119,3
522,117.8,122.3,103.5,120,3
523,117.8,122.3,103.5,121,3
524,119.1,123.9,103.5,122,3
525,119.1,123.9,103.5,123,3
526,122.0,127.5,103.5,124,3
527,122.0,127.5,103.5,125,3
528,122.0,127.5,103.5,126,3
529,122.0,127.5,103.5,127,3
530,122.0,127.5,103.5,128,3
531,122.0,127.5,103.5,129,3
532,122.0,127.5,103.5,130,3
533,122.0,127.5,103.5,131,3
534,121.6,127.0,103.5,132,3
535,121.6,127.0,103.5,133,3
536,98.4,98.7,98.6,0,4
537,98.1,98.2,98.6,1,4
538,98.1,98.2,98.6,2,4
539,98.1,98.1,99.1,3,4
540,97.9,97.9,99.1,4,4
541,97.9,97.9,99.1,5,4
542,97.8,97.7,99.1,6,4
543,97.9,97.8,99.1,7,4
544,98.3,98.0,100.0,8,4
545,98.3,98.1,100.0,9,4
546,98.1,97.8,100.0,10,4
547,98.1,97.8,100.0,11,4
548,98.0,97.7,100.0,12,4
549,98.2,97.9,100.0,13,4
550,98.4,98.1,100.0,14,4
551,98.3,98.0,100.0,15,4
552,98.4,98.2,100.0,16,4
553,98.4,98.2,100.0,17,4
554,98.4,98.2,100.0,18,4
555,98.4,98.2,100.0,19,4
556,98.4,98.2,100.0,20,4
557,98.5,98.2,100.0,21,4
558,98.5,98.3,100.0,22,4
559,98.4,98.2,100.0,23,4
560,98.4,98.2,100.0,24,4
561,98.3,98.1,100.0,25,4
562,98.3,98.1,100.0,26,4
563,98.5,98.3,100.0,27,4
564,98.5,98.3,100.0,28,4
565,98.5,98.2,100.0,29,4
566,98.3,98.1,100.0,30,4
567,98.1,97.7,100.0,31,4
568,98.1,97.7,100.0,32,4
569,98.1,97.7,100.0,33,4
570,98.0,97.7,100.0,34,4
571,98.0,97.7,100.0,35,4
572,98.0,97.7,100.0,36,4
573,98.0,97.7,100.0,37,4
574,97.8,97.4,100.0,38,4
575,97.8,97.4,100.0,39,4
576,97.8,97.4,100.0,40,4
577,98.2,97.8,100.0,41,4
578,98.3,98.0,100.0,42,4
579,98.3,98.0,100.0,43,4
580,98.3,98.0,100.0,44,4
581,98.3,98.0,100.0,45,4
582,98.4,98.2,100.0,46,4
583,98.4,98.2,100.0,47,4
584,98.3,98.0,100.0,48,4
585,98.3,98.0,100.0,49,4
586,98.3,98.0,100.0,50,4
587,98.3,98.0,100.0,51,4
588,98.3,98.0,100.0,52,4
589,98.3,98.0,100.0,53,4
590,98.3,98.0,100.0,54,4
591,98.4,98.1,100.0,55,4
592,99.7,99.6,100.0,56,4
593,100.0,100.0,100.0,57,4
594,100.0,100.0,100.0,58,4
595,100.0,100.0,100.0,59,4
596,100.2,100.2,100.0,60,4
597,100.1,100.0,100.0,61,4
598,100.1,100.0,100.0,62,4
599,100.1,100.0,100.0,63,4
600,100.1,100.0,100.0,64,4
601,100.1,100.0,100.0,65,4
602,100.5,100.5,100.0,66,4
603,100.5,100.5,100.0,67,4
604,100.5,100.5,100.0,68,4
605,100.5,100.5,100.0,69,4
606,100.8,100.9,100.0,70,4
607,101.0,101.1,100.0,71,4
608,101.2,101.3,100.0,72,4
609,101.2,101.3,100.0,73,4
610,101.2,101.3,100.0,74,4
611,101.1,101.2,100.0,75,4
612,101.1,101.2,100.0,76,4
613,101.1,101.2,100.0,77,4
614,100.9,101.0,100.0,78,4
615,101.1,101.2,100.0,79,4
616,101.1,101.2,100.0,80,4
617,100.9,100.9,100.0,81,4
618,100.9,100.9,100.0,82,4
619,100.9,100.9,100.0,83,4
620,100.9,100.9,100.0,84,4
621,100.9,100.9,100.0,85,4
622,100.9,100.9,100.0,86,4
623,100.9,101.0,100.0,87,4
624,100.9,101.0,100.0,88,4
625,100.9,101.0,100.0,89,4
626,101.6,101.8,100.1,90,4
627,102.1,102.3,100.1,91,4
628,102.5,102.7,100.4,92,4
629,102.5,102.7,100.4,93,4
630,102.5,102.7,100.4,94,4
631,102.7,102.8,101.6,95,4
632,102.7,102.8,101.6,96,4
633,102.7,102.8,101.6,97,4
634,103.0,103.1,101.6,98,4
635,103.2,103.4,101.6,99,4
636,103.2,103.4,101.6,100,4
637,103.2,103.4,101.6,101,4
638,103.2,103.4,101.6,102,4
639,103.2,103.4,101.6,103,4
640,104.2,104.5,101.6,104,4
641,104.2,104.5,101.6,105,4
642,104.2,104.5,101.6,106,4
643,104.2,104.5,101.6,107,4
644,104.2,104.4,101.6,108,4
645,105.5,105.9,102.0,109,4
646,108.5,109.4,102.0,110,4
647,110.2,111.3,102.1,111,4
648,109.4,110.2,102.3,112,4
649,111.1,110.8,102.5,113,4
650,112.2,112.2,102.5,114,4
651,114.1,114.6,102.5,115,4
652,114.1,114.6,102.5,116,4
653,114.2,114.7,102.5,117,4
654,114.2,114.7,102.5,118,4
655,115.5,116.2,102.5,119,4
656,115.5,116.2,102.5,120,4
657,117.9,119.1,102.5,121,4
658,117.9,119.1,102.5,122,4
659,119.5,121.1,102.5,123,4
660,119.5,121.1,102.5,124,4
661,119.5,121.1,102.5,125,4
662,119.5,121.1,102.5,126,4
663,119.5,121.1,102.5,127,4
664,119.5,121.1,102.5,128,4
665,119.5,121.1,102.5,129,4
666,119.5,121.1,102.5,130,4
667,119.5,121.1,102.5,131,4
668,119.5,121.1,102.5,132,4
669,119.5,121.1,102.5,133,4
670,96.8,96.6,97.8,0,5
671,97.0,96.8,98.0,1,5
672,97.2,97.0,98.1,2,5
673,97.2,97.0,98.1,3,5
674,97.3,97.1,98.2,4,5
675,97.4,97.2,98.2,5,5
676,97.5,97.3,98.2,6,5
677,97.7,97.5,98.3,7,5
678,97.7,97.5,98.3,8,5
679,98.0,98.0,98.3,9,5
680,98.2,98.2,98.3,10,5
681,98.2,98.2,98.3,11,5
682,98.2,98.2,98.3,12,5
683,98.3,98.3,98.4,13,5
684,98.3,98.3,98.4,14,5
685,98.2,98.2,98.4,15,5
686,98.4,98.6,98.4,16,5
687,98.6,98.7,98.4,17,5
688,98.5,98.7,98.4,18,5
689,98.6,98.7,98.6,19,5
690,98.6,98.6,98.7,20,5
691,98.6,98.7,98.7,21,5
692,98.7,98.8,98.7,22,5
693,98.7,98.8,98.8,23,5
694,98.8,98.8,98.8,24,5
695,98.8,98.9,98.8,25,5
696,98.8,98.8,98.8,26,5
697,98.8,98.9,98.8,27,5
698,98.9,99.0,98.8,28,5
699,98.9,98.9,98.9,29,5
700,98.9,98.9,99.0,30,5
701,98.9,98.9,99.0,31,5
702,98.7,98.7,99.0,32,5
703,98.8,98.7,99.0,33,5
704,98.8,98.8,99.0,34,5
705,98.7,98.6,99.0,35,5
706,98.8,98.7,99.1,36,5
707,99.0,98.9,99.2,37,5
708,99.0,99.0,99.2,38,5
709,98.9,98.9,99.2,39,5
710,98.7,98.6,99.2,40,5
711,98.7,98.6,99.2,41,5
712,98.9,98.8,99.2,42,5
713,99.0,98.9,99.2,43,5
714,99.1,98.9,99.7,44,5
715,99.1,98.9,99.7,45,5
716,99.4,99.3,99.7,46,5
717,99.4,99.2,99.7,47,5
718,99.4,99.2,99.7,48,5
719,99.5,99.5,99.7,49,5
720,99.6,99.5,99.7,50,5
721,99.6,99.6,99.7,51,5
722,99.6,99.6,99.8,52,5
723,99.6,99.6,99.8,53,5
724,99.7,99.6,99.8,54,5
725,99.7,99.6,99.8,55,5
726,100.0,100.0,100.0,56,5
727,100.0,100.0,100.0,57,5
728,100.0,100.0,100.0,58,5
729,100.0,100.0,100.0,59,5
730,100.1,100.1,100.1,60,5
731,100.3,100.3,100.3,61,5
732,100.2,100.2,100.3,62,5
733,100.3,100.3,100.3,63,5
734,100.4,100.4,100.3,64,5
735,100.5,100.5,100.3,65,5
736,100.7,100.7,100.5,66,5
737,100.7,100.7,100.5,67,5
738,100.8,101.0,100.5,68,5
739,101.0,101.2,100.5,69,5
740,101.1,101.3,100.5,70,5
741,101.1,101.3,100.5,71,5
742,101.4,101.6,100.6,72,5
743,101.8,102.1,100.8,73,5
744,101.8,102.1,100.9,74,5
745,101.9,102.2,100.9,75,5
746,101.9,102.3,101.0,76,5
747,102.6,103.0,101.6,77,5
748,102.7,103.1,101.6,78,5
749,103.0,103.4,101.8,79,5
750,103.1,103.5,101.8,80,5
751,103.2,103.7,102.1,81,5
752,103.5,104.0,102.1,82,5
753,103.5,104.0,102.1,83,5
754,103.6,104.1,102.1,84,5
755,103.6,104.2,102.1,85,5
756,103.7,104.3,102.1,86,5
757,103.8,104.4,102.1,87,5
758,104.0,104.6,102.3,88,5
759,104.3,105.0,102.3,89,5
760,105.4,106.6,102.3,90,5
761,106.3,107.6,102.8,91,5
762,106.8,108.2,103.3,92,5
763,107.5,109.1,103.5,93,5
764,108.4,110.2,103.5,94,5
765,108.6,110.4,103.8,95,5
766,108.8,110.7,103.8,96,5
767,109.5,111.2,104.7,97,5
768,110.1,112.1,104.8,98,5
769,110.3,112.3,104.9,99,5
770,110.3,112.3,104.9,100,5
771,110.7,112.7,104.9,101,5
772,111.1,113.4,104.9,102,5
773,111.8,113.6,106.4,103,5
774,112.7,114.8,106.4,104,5
775,115.2,116.8,110.5,105,5
776,116.7,118.7,110.5,106,5
777,117.5,119.8,110.5,107,5
778,117.8,120.1,110.9,108,5
779,118.8,121.5,111.0,109,5
780,120.5,123.8,111.0,110,5
781,127.2,131.2,115.7,111,5
782,128.6,133.2,115.7,112,5
783,129.5,134.4,115.9,113,5
784,130.1,135.8,116.0,114,5
785,131.4,137.0,117.4,115,5
786,133.3,139.4,117.4,116,5
787,133.6,139.9,117.5,117,5
788,134.8,141.3,118.1,118,5
789,135.3,141.9,118.5,119,5
790,135.6,142.2,118.6,120,5
791,137.4,144.4,119.0,121,5
792,140.9,148.3,120.5,122,5
793,140.5,147.8,120.5,123,5
794,141.6,149.3,120.5,124,5
795,141.5,149.2,120.5,125,5
796,141.4,149.0,120.5,126,5
797,141.5,149.1,120.5,127,5
798,141.3,149.0,120.3,128,5
799,141.9,149.7,120.5,129,5
800,141.4,149.2,120.2,130,5
801,141.7,149.5,120.2,131,5
802,141.7,149.5,120.2,132,5
803,141.5,149.4,120.2,133,5
804,85.5,82.6,91.8,0,6
805,85.9,83.0,91.8,1,6
806,86.3,83.5,92.1,2,6
807,86.5,83.8,92.1,3,6
808,86.9,84.3,92.4,4,6
809,87.2,84.7,92.7,5,6
810,87.3,84.7,92.7,6,6
811,87.5,84.9,92.9,7,6
812,87.8,85.3,93.1,8,6
813,88.0,85.6,93.1,9,6
814,88.2,85.9,93.2,10,6
815,88.4,86.1,93.3,11,6
816,88.5,86.3,93.3,12,6
817,88.5,86.1,93.4,13,6
818,88.6,86.2,93.5,14,6
819,88.7,86.3,93.5,15,6
820,88.8,86.5,93.6,16,6
821,88.8,86.5,93.6,17,6
822,89.0,86.7,93.6,18,6
823,89.1,86.8,93.7,19,6
824,89.1,86.8,93.7,20,6
825,89.2,86.9,93.7,21,6
826,89.3,87.1,93.7,22,6
827,89.4,87.3,93.8,23,6
828,89.5,87.4,93.8,24,6
829,89.8,87.7,93.9,25,6
830,89.8,87.7,93.9,26,6
831,90.2,88.3,93.9,27,6
832,90.2,88.3,94.0,28,6
833,90.4,88.7,94.0,29,6
834,90.4,88.6,94.0,30,6
835,90.7,89.0,94.0,31,6
836,90.9,89.3,94.0,32,6
837,91.0,89.3,94.1,33,6
838,91.1,89.4,94.2,34,6
839,91.2,89.6,94.3,35,6
840,91.2,89.5,94.5,36,6
841,91.4,89.8,94.5,37,6
842,91.6,90.2,94.5,38,6
843,91.8,90.4,94.5,39,6
844,92.1,90.4,95.8,40,6
845,92.6,90.9,96.2,41,6
846,92.8,91.2,96.2,42,6
847,93.3,91.8,96.4,43,6
848,93.4,92.0,96.4,44,6
849,93.8,92.4,96.6,45,6
850,93.9,92.6,96.7,46,6
851,94.1,92.8,96.7,47,6
852,94.2,93.0,96.7,48,6
853,94.6,93.6,96.6,49,6
854,94.8,93.9,96.6,50,6
855,95.3,94.6,96.8,51,6
856,96.6,96.4,97.1,52,6
857,97.0,96.8,97.4,53,6
858,97.8,97.8,97.6,54,6
859,98.2,98.4,97.6,55,6
860,98.5,98.5,98.1,56,6
861,99.5,99.6,99.1,57,6
862,99.9,99.8,100.0,58,6
863,100.0,100.0,100.0,59,6
864,100.3,99.9,100.9,60,6
865,101.1,100.6,102.0,61,6
866,101.4,100.8,102.5,62,6
867,103.0,102.3,104.5,63,6
868,103.8,103.0,106.2,64,6
869,103.9,103.1,106.3,65,6
870,104.1,103.4,106.3,66,6
871,104.2,103.5,106.4,67,6
872,104.3,103.6,106.5,68,6
873,104.4,103.8,106.5,69,6
874,104.5,103.9,106.5,70,6
875,104.5,103.9,106.5,71,6
876,104.6,104.0,106.6,72,6
877,104.3,103.4,106.6,73,6
878,104.3,103.4,106.5,74,6
879,104.1,103.2,106.5,75,6
880,104.1,103.2,106.5,76,6
881,104.2,103.3,106.5,77,6
882,104.3,103.5,106.5,78,6
883,104.4,103.7,106.5,79,6
884,104.4,103.5,106.7,80,6
885,104.5,103.5,106.8,81,6
886,104.6,103.6,106.9,82,6
887,104.6,103.7,106.9,83,6
888,104.5,103.5,106.9,84,6
889,104.5,103.5,106.9,85,6
890,104.6,103.6,106.9,86,6
891,104.6,103.6,106.9,87,6
892,104.6,103.6,106.9,88,6
893,104.7,103.8,107.0,89,6
894,104.5,103.3,106.9,90,6
895,104.5,103.3,107.0,91,6
896,105.0,104.0,107.1,92,6
897,105.2,104.2,107.2,93,6
898,105.3,104.4,107.2,94,6
899,105.5,104.7,107.2,95,6
900,105.4,104.6,107.3,96,6
901,105.9,105.4,107.3,97,6
902,106.3,105.9,107.5,98,6
903,106.4,106.0,107.5,99,6
904,106.5,106.3,107.5,100,6
905,106.7,106.4,107.7,101,6
906,107.2,106.7,108.6,102,6
907,107.7,107.4,109.0,103,6
908,108.8,108.6,109.6,104,6
909,109.5,109.7,109.9,105,6
910,110.2,110.4,110.5,106,6
911,110.8,111.2,110.8,107,6
912,112.2,113.0,111.4,108,6
913,113.7,114.0,113.9,109,6
914,115.2,115.7,114.9,110,6
915,117.4,118.3,116.3,111,6
916,118.6,119.9,116.8,112,6
917,119.3,120.7,117.1,113,6
918,119.8,121.4,117.1,114,6
919,121.1,122.9,117.8,115,6
920,121.3,123.4,117.8,116,6
921,122.8,125.1,118.8,117,6
922,124.2,126.5,120.1,118,6
923,124.4,126.9,120.1,119,6
924,124.8,127.5,120.2,120,6
925,125.6,128.5,120.4,121,6
926,126.5,129.8,120.5,122,6
927,126.8,130.3,120.5,123,6
928,127.2,130.9,120.7,124,6
929,127.5,131.2,120.7,125,6
930,127.5,131.3,120.6,126,6
931,127.6,131.3,120.8,127,6
932,127.4,131.2,120.6,128,6
933,127.4,131.2,120.5,129,6
934,127.3,131.1,120.5,130,6
935,127.3,131.0,120.5,131,6
936,127.2,130.9,120.5,132,6
937,126.8,130.3,120.4,133,6
938,88.1,88.1,87.8,0,7
939,88.4,88.6,87.8,1,7
940,89.0,88.9,88.8,2,7
941,89.3,89.3,88.8,3,7
942,89.4,89.5,88.8,4,7
943,90.0,89.7,90.5,5,7
944,90.2,90.0,90.5,6,7
945,90.4,90.2,90.6,7,7
946,90.9,90.6,91.3,8,7
947,91.2,91.1,91.3,9,7
948,91.6,91.5,91.5,10,7
949,92.4,91.7,93.4,11,7
950,93.2,91.8,96.2,12,7
951,93.3,91.9,96.3,13,7
952,93.6,92.2,96.3,14,7
953,94.2,93.1,96.3,15,7
954,94.6,93.8,96.3,16,7
955,94.8,94.0,96.3,17,7
956,94.9,94.3,96.3,18,7
957,95.0,94.3,96.3,19,7
958,95.0,94.4,96.3,20,7
959,95.0,94.4,96.3,21,7
960,95.0,94.4,96.3,22,7
961,95.1,94.5,96.3,23,7
962,95.6,94.5,97.9,24,7
963,95.7,94.7,97.9,25,7
964,95.8,94.7,97.9,26,7
965,96.0,95.1,97.9,27,7
966,96.1,95.2,97.9,28,7
967,96.3,95.4,98.1,29,7
968,96.3,95.4,98.1,30,7
969,96.3,95.4,98.1,31,7
970,95.9,94.9,98.2,32,7
971,96.1,95.0,98.2,33,7
972,96.1,95.0,98.2,34,7
973,96.0,95.0,98.2,35,7
974,96.2,95.3,98.2,36,7
975,96.3,95.4,98.2,37,7
976,96.6,95.8,98.4,38,7
977,96.7,95.9,98.4,39,7
978,96.8,96.0,98.4,40,7
979,97.2,96.2,99.5,41,7
980,97.3,96.3,99.5,42,7
981,97.3,96.3,99.5,43,7
982,97.5,96.6,99.5,44,7
983,97.6,96.8,99.5,45,7
984,97.7,96.9,99.5,46,7
985,97.7,97.0,99.5,47,7
986,97.9,97.2,99.5,48,7
987,97.9,97.2,99.5,49,7
988,98.1,97.5,99.5,50,7
989,98.3,97.8,99.5,51,7
990,98.5,98.1,99.5,52,7
991,98.7,98.4,99.5,53,7
992,98.9,98.6,99.5,54,7
993,99.0,98.9,99.5,55,7
994,99.4,99.2,99.8,56,7
995,99.9,99.9,99.8,57,7
996,100.0,100.0,100.0,58,7
997,100.0,100.0,100.0,59,7
998,100.3,100.5,100.0,60,7
999,100.5,100.7,100.0,61,7
1000,100.5,100.8,100.0,62,7
1001,101.3,101.8,100.0,63,7
1002,101.8,102.6,100.1,64,7
1003,102.2,103.0,100.5,65,7
1004,102.3,103.2,100.5,66,7
1005,102.6,103.6,100.5,67,7
1006,102.9,104.1,100.6,68,7
1007,103.0,104.2,100.6,69,7
1008,103.2,104.4,100.8,70,7
1009,103.3,104.5,100.8,71,7
1010,103.3,104.6,100.8,72,7
1011,103.4,104.6,100.8,73,7
1012,103.5,104.7,100.8,74,7
1013,103.5,104.7,101.0,75,7
1014,103.7,105.0,101.0,76,7
1015,103.9,105.3,101.2,77,7
1016,104.0,105.3,101.2,78,7
1017,104.1,105.4,101.2,79,7
1018,104.1,105.4,101.6,80,7
1019,104.4,105.7,101.7,81,7
1020,104.4,105.7,101.7,82,7
1021,104.3,105.6,101.7,83,7
1022,104.5,105.9,101.7,84,7
1023,104.5,105.9,101.7,85,7
1024,104.7,106.2,101.7,86,7
1025,104.8,106.2,101.7,87,7
1026,104.6,106.1,101.5,88,7
1027,104.4,105.7,101.5,89,7
1028,104.7,106.2,101.5,90,7
1029,104.7,106.2,101.5,91,7
1030,104.9,106.5,101.7,92,7
1031,105.0,106.6,101.7,93,7
1032,104.7,106.2,101.7,94,7
1033,105.1,106.7,101.7,95,7
1034,105.3,106.5,102.9,96,7
1035,105.5,106.7,102.9,97,7
1036,105.5,106.7,102.9,98,7
1037,105.6,106.9,102.9,99,7
1038,105.5,106.7,102.9,100,7
1039,105.8,107.3,102.9,101,7
1040,106.0,107.4,102.9,102,7
1041,106.9,108.3,104.0,103,7
1042,108.7,110.8,104.0,104,7
1043,108.8,110.7,104.6,105,7
1044,109.1,111.2,104.6,106,7
1045,109.1,111.0,104.9,107,7
1046,110.4,112.9,104.9,108,7
1047,112.3,115.3,105.7,109,7
1048,113.5,116.9,105.8,110,7
1049,116.8,122.3,104.3,111,7
1050,122.7,129.9,106.3,112,7
1051,125.0,133.0,107.8,113,7
1052,125.4,133.7,107.8,114,7
1053,126.6,135.2,108.1,115,7
1054,126.8,135.5,108.1,116,7
1055,128.9,138.6,108.1,117,7
1056,129.7,139.7,108.1,118,7
1057,133.3,144.1,110.0,119,7
1058,135.2,146.7,110.2,120,7
1059,136.5,148.9,110.2,121,7
1060,141.1,155.0,110.4,122,7
1061,142.4,156.9,110.6,123,7
1062,143.6,158.6,110.6,124,7
1063,143.6,158.6,110.6,125,7
1064,143.6,158.6,110.6,126,7
1065,143.6,158.6,110.6,127,7
1066,143.6,158.6,110.6,128,7
1067,142.6,157.2,110.8,129,7
1068,142.6,157.2,110.8,130,7
1069,142.2,156.6,110.8,131,7
1070,140.4,153.8,110.8,132,7
1071,140.6,154.2,110.8,133,7
1072,97.4,99.6,91.6,0,8
1073,98.2,100.0,93.4,1,8
1074,98.2,99.9,93.4,2,8
1075,98.7,100.3,94.3,3,8
1076,98.9,100.5,94.5,4,8
1077,99.0,100.6,94.5,5,8
1078,99.0,100.6,94.5,6,8
1079,99.0,100.6,94.5,7,8
1080,99.0,100.6,94.5,8,8
1081,99.0,100.6,94.5,9,8
1082,99.0,100.7,94.5,10,8
1083,99.1,100.7,94.8,11,8
1084,99.1,100.7,94.8,12,8
1085,99.5,101.2,95.1,13,8
1086,100.1,101.5,96.5,14,8
1087,100.4,101.6,97.0,15,8
1088,100.4,101.7,97.0,16,8
1089,100.8,102.2,97.0,17,8
1090,100.6,102.0,97.0,18,8
1091,100.9,102.3,97.1,19,8
1092,100.9,102.3,97.1,20,8
1093,101.5,102.9,97.5,21,8
1094,101.6,103.1,97.5,22,8
1095,101.6,103.1,97.5,23,8
1096,102.6,104.1,98.5,24,8
1097,102.7,104.2,98.5,25,8
1098,102.6,104.1,98.4,26,8
1099,102.5,103.9,98.5,27,8
1100,102.6,104.1,98.6,28,8
1101,102.7,104.1,98.8,29,8
1102,102.6,104.0,98.8,30,8
1103,102.6,103.9,99.0,31,8
1104,102.5,103.8,99.0,32,8
1105,102.5,103.8,99.0,33,8
1106,102.5,103.8,98.9,34,8
1107,102.4,103.7,98.9,35,8
1108,102.4,103.7,98.9,36,8
1109,102.3,103.5,98.9,37,8
1110,102.1,103.3,98.9,38,8
1111,101.7,102.7,98.9,39,8
1112,102.1,103.2,98.9,40,8
1113,101.8,102.8,98.9,41,8
1114,102.1,103.2,98.9,42,8
1115,102.0,103.1,99.0,43,8
1116,101.6,102.4,99.1,44,8
1117,101.3,102.0,99.1,45,8
1118,101.0,101.6,99.1,46,8
1119,101.1,101.8,99.2,47,8
1120,101.0,101.6,99.2,48,8
1121,100.8,101.3,99.3,49,8
1122,100.6,101.0,99.3,50,8
1123,100.3,100.7,99.3,51,8
1124,100.2,100.5,99.4,52,8
1125,100.1,100.3,99.5,53,8
1126,100.0,100.2,99.5,54,8
1127,99.8,99.6,100.0,55,8
1128,99.8,99.7,100.0,56,8
1129,99.8,99.7,100.0,57,8
1130,99.7,99.6,100.0,58,8
1131,100.0,100.0,100.0,59,8
1132,99.9,99.9,99.9,60,8
1133,100.0,100.0,100.0,61,8
1134,100.0,100.0,100.1,62,8
1135,100.0,100.1,100.1,63,8
1136,99.8,99.8,99.9,64,8
1137,99.6,99.5,99.9,65,8
1138,99.6,99.5,99.9,66,8
1139,99.7,99.6,99.9,67,8
1140,99.5,99.3,100.0,68,8
1141,99.5,99.4,100.0,69,8
1142,99.1,98.7,100.0,70,8
1143,99.1,98.7,100.0,71,8
1144,99.1,98.8,100.0,72,8
1145,98.6,98.1,100.0,73,8
1146,98.6,98.0,100.0,74,8
1147,98.9,98.3,100.6,75,8
1148,98.7,97.8,100.6,76,8
1149,98.5,97.6,100.6,77,8
1150,98.6,97.8,100.6,78,8
1151,98.4,97.5,100.6,79,8
1152,98.2,97.1,100.8,80,8
1153,98.1,96.9,100.8,81,8
1154,97.9,96.7,100.8,82,8
1155,97.7,96.3,100.8,83,8
1156,97.6,96.2,100.8,84,8
1157,97.6,96.0,101.0,85,8
1158,97.6,96.0,101.0,86,8
1159,96.9,95.1,101.0,87,8
1160,96.8,94.9,101.0,88,8
1161,96.8,94.9,101.1,89,8
1162,96.7,94.7,101.1,90,8
1163,96.5,94.4,101.1,91,8
1164,96.7,94.7,101.1,92,8
1165,96.8,94.8,101.2,93,8
1166,96.0,93.7,101.2,94,8
1167,96.2,93.9,101.2,95,8
1168,95.5,93.2,100.6,96,8
1169,95.3,92.9,100.5,97,8
1170,95.1,92.7,100.7,98,8
1171,95.0,92.6,100.7,99,8
1172,95.1,92.8,100.7,100,8
1173,95.0,92.6,100.6,101,8
1174,94.8,92.7,99.7,102,8
1175,95.0,92.9,99.7,103,8
1176,94.8,92.7,99.6,104,8
1177,95.3,93.3,99.8,105,8
1178,95.2,93.3,99.8,106,8
1179,95.5,93.6,99.7,107,8
1180,95.9,94.3,99.8,108,8
1181,96.2,94.6,99.8,109,8
1182,97.5,96.3,100.0,110,8
1183,97.9,96.8,100.0,111,8
1184,100.4,100.4,99.8,112,8
1185,102.2,102.7,100.2,113,8
1186,103.0,103.9,100.2,114,8
1187,103.0,103.8,100.0,115,8
1188,102.4,103.0,100.0,116,8
1189,102.8,103.4,100.5,117,8
1190,102.9,103.5,100.4,118,8
1191,103.3,104.1,100.7,119,8
1192,103.8,104.8,100.8,120,8
1193,104.1,105.1,100.8,121,8
1194,104.9,106.1,101.1,122,8
1195,105.7,107.1,101.3,123,8
1196,105.8,107.3,101.3,124,8
1197,106.2,107.8,101.3,125,8
1198,106.1,107.7,101.3,126,8
1199,106.7,112.7,97.1,127,8
1200,106.9,112.6,97.7,128,8
1201,106.9,112.7,97.6,129,8
1202,106.5,112.2,97.5,130,8
1203,106.2,111.7,97.5,131,8
1204,106.2,111.8,97.5,132,8
1205,105.5,111.1,96.8,133,8
1206,93.2,93.2,93.2,0,9
1207,93.2,93.1,93.4,1,9
1208,93.6,93.6,93.5,2,9
1209,93.7,93.8,93.8,3,9
1210,93.9,93.9,93.9,4,9
1211,94.1,94.2,94.1,5,9
1212,94.2,94.3,94.0,6,9
1213,94.2,94.4,93.9,7,9
1214,94.4,94.7,94.0,8,9
1215,94.6,94.9,94.1,9,9
1216,94.6,94.9,94.1,10,9
1217,94.9,95.4,94.1,11,9
1218,95.1,95.6,94.3,12,9
1219,95.6,96.1,94.6,13,9
1220,95.7,96.4,94.6,14,9
1221,96.1,96.9,94.7,15,9
1222,96.4,97.2,95.0,16,9
1223,96.7,97.5,95.4,17,9
1224,96.9,97.8,95.5,18,9
1225,97.3,98.2,95.8,19,9
1226,97.4,98.3,95.7,20,9
1227,97.4,98.4,95.7,21,9
1228,97.5,98.4,95.9,22,9
1229,97.6,98.6,95.9,23,9
1230,98.2,99.3,96.1,24,9
1231,98.7,100.0,96.2,25,9
1232,99.1,100.6,96.4,26,9
1233,99.3,100.7,96.7,27,9
1234,99.9,101.3,97.2,28,9
1235,100.0,101.5,97.3,29,9
1236,100.1,101.6,97.3,30,9
1237,100.5,101.8,98.0,31,9
1238,100.8,102.0,98.3,32,9
1239,100.8,102.2,98.3,33,9
1240,101.0,102.3,98.5,34,9
1241,101.1,102.4,98.5,35,9
1242,101.0,102.3,98.4,36,9
1243,101.0,102.3,98.6,37,9
1244,100.8,101.8,98.8,38,9
1245,100.6,101.6,98.7,39,9
1246,100.6,101.6,98.7,40,9
1247,100.6,101.3,99.2,41,9
1248,100.5,101.2,99.1,42,9
1249,100.5,101.2,99.1,43,9
1250,100.5,101.2,99.1,44,9
1251,100.7,101.5,99.1,45,9
1252,100.7,101.5,99.1,46,9
1253,100.7,101.5,99.1,47,9
1254,100.7,101.4,99.1,48,9
1255,100.4,101.2,98.9,49,9
1256,100.4,101.2,98.9,50,9
1257,100.4,101.2,98.9,51,9
1258,100.5,100.9,99.8,52,9
1259,100.0,100.2,99.7,53,9
1260,100.1,100.3,99.7,54,9
1261,100.0,100.2,99.7,55,9
1262,99.8,99.8,99.6,56,9
1263,99.7,99.7,99.7,57,9
1264,99.8,99.8,99.9,58,9
1265,100.0,100.0,100.0,59,9
1266,100.0,99.9,100.0,60,9
1267,100.0,100.0,99.8,61,9
1268,100.0,100.1,99.8,62,9
1269,99.9,100.0,99.7,63,9
1270,99.7,99.7,99.8,64,9
1271,99.6,99.6,99.7,65,9
1272,100.1,100.0,100.1,66,9
1273,100.1,100.1,100.1,67,9
1274,100.1,99.9,100.3,68,9
1275,100.1,100.0,100.3,69,9
1276,100.2,100.2,100.3,70,9
1277,100.1,100.0,100.3,71,9
1278,100.1,99.9,100.4,72,9
1279,99.8,99.4,100.4,73,9
1280,99.6,99.2,100.4,74,9
1281,99.6,99.1,100.4,75,9
1282,99.6,99.1,100.5,76,9
1283,99.8,99.3,100.6,77,9
1284,99.9,99.5,100.6,78,9
1285,99.4,98.9,100.5,79,9
1286,99.4,98.8,100.5,80,9
1287,99.3,98.7,100.5,81,9
1288,99.3,98.7,100.6,82,9
1289,99.4,98.8,100.6,83,9
1290,99.3,98.7,100.5,84,9
1291,99.2,98.6,100.5,85,9
1292,99.1,98.4,100.5,86,9
1293,98.8,97.9,100.5,87,9
1294,98.6,97.6,100.5,88,9
1295,98.0,96.8,100.5,89,9
1296,97.6,96.4,100.1,90,9
1297,97.7,96.4,100.2,91,9
1298,97.7,96.5,100.1,92,9
1299,97.5,96.1,100.1,93,9
1300,97.0,95.4,100.1,94,9
1301,97.2,95.7,100.1,95,9
1302,97.2,95.5,100.4,96,9
1303,97.4,95.8,100.5,97,9
1304,97.4,95.6,100.3,98,9
1305,97.2,95.3,100.1,99,9
1306,97.2,95.3,100.2,100,9
1307,97.1,95.2,100.0,101,9
1308,96.7,94.6,100.0,102,9
1309,96.7,94.5,100.0,103,9
1310,97.1,95.1,100.1,104,9
1311,97.4,95.5,100.4,105,9
1312,97.8,96.2,100.3,106,9
1313,97.7,96.1,100.2,107,9
1314,98.0,96.3,100.5,108,9
1315,98.8,97.5,100.6,109,9
1316,99.5,98.6,100.5,110,9
1317,101.0,100.9,100.5,111,9
1318,104.1,104.5,102.2,112,9
1319,106.2,107.6,102.4,113,9
1320,106.6,108.0,102.3,114,9
1321,106.5,107.8,102.4,115,9
1322,106.4,107.6,102.5,116,9
1323,106.4,107.6,102.4,117,9
1324,106.4,107.8,102.5,118,9
1325,106.8,108.2,102.8,119,9
1326,108.6,110.8,103.0,120,9
1327,112.2,115.7,103.7,121,9
1328,115.5,120.0,104.6,122,9
1329,116.7,121.8,104.8,123,9
1330,118.3,123.7,105.4,124,9
1331,118.4,123.9,106.0,125,9
1332,118.0,123.4,105.7,126,9
1333,118.2,123.7,105.9,127,9
1334,118.0,123.5,105.7,128,9
1335,117.7,123.0,105.7,129,9
1336,117.5,122.7,105.6,130,9
1337,117.4,122.7,105.6,131,9
1338,117.3,122.6,105.4,132,9
1339,116.9,122.2,105.1,133,9
1340,96.3,95.0,99.2,0,10
1341,96.2,94.7,99.2,1,10
1342,96.0,94.4,99.1,2,10
1343,96.0,94.3,99.1,3,10
1344,96.0,94.3,99.2,4,10
1345,96.1,94.4,99.3,5,10
1346,96.1,94.4,99.3,6,10
1347,96.0,94.4,99.3,7,10
1348,95.9,94.1,99.3,8,10
1349,96.1,94.4,99.3,9,10
1350,95.7,93.9,99.3,10,10
1351,95.4,93.4,99.3,11,10
1352,95.3,93.3,99.3,12,10
1353,95.4,93.4,99.3,13,10
1354,95.2,93.2,99.3,14,10
1355,95.3,93.3,99.3,15,10
1356,95.1,93.0,99.3,16,10
1357,94.9,92.7,99.3,17,10
1358,95.1,92.9,99.3,18,10
1359,94.8,92.5,99.3,19,10
1360,94.8,92.5,99.2,20,10
1361,94.6,92.2,99.2,21,10
1362,94.5,92.0,99.2,22,10
1363,94.3,91.8,99.2,23,10
1364,94.3,91.8,99.2,24,10
1365,94.3,91.8,99.2,25,10
1366,94.2,91.6,99.2,26,10
1367,93.9,91.2,99.2,27,10
1368,93.7,90.9,99.2,28,10
1369,93.6,90.8,99.2,29,10
1370,93.5,90.6,99.2,30,10
1371,93.7,90.9,99.2,31,10
1372,93.7,90.8,99.2,32,10
1373,94.0,91.3,99.2,33,10
1374,93.8,91.1,99.2,34,10
1375,93.8,91.0,99.2,35,10
1376,93.6,90.9,99.2,36,10
1377,93.6,90.9,99.2,37,10
1378,93.6,90.9,99.2,38,10
1379,94.2,91.7,99.2,39,10
1380,94.2,91.9,99.2,40,10
1381,94.4,92.2,99.2,41,10
1382,94.7,92.7,99.2,42,10
1383,94.7,92.8,99.2,43,10
1384,95.1,93.3,99.2,44,10
1385,95.3,93.7,99.2,45,10
1386,95.8,94.3,99.2,46,10
1387,95.9,94.5,99.2,47,10
1388,96.3,95.0,99.2,48,10
1389,97.1,96.2,99.2,49,10
1390,97.4,96.8,99.2,50,10
1391,97.7,97.1,99.2,51,10
1392,98.8,98.8,99.2,52,10
1393,99.2,99.1,99.2,53,10
1394,99.7,99.9,99.2,54,10
1395,99.7,99.9,99.2,55,10
1396,100.0,100.3,99.5,56,10
1397,100.3,100.3,100.0,57,10
1398,100.0,100.0,100.0,58,10
1399,100.0,100.0,100.0,59,10
1400,99.9,99.7,100.4,60,10
1401,100.0,99.7,100.7,61,10
1402,100.5,100.2,101.5,62,10
1403,101.5,100.9,102.7,63,10
1404,103.4,102.9,103.0,64,10
1405,104.7,104.9,103.0,65,10
1406,106.5,107.7,103.0,66,10
1407,106.6,107.8,103.0,67,10
1408,107.3,108.2,104.4,68,10
1409,107.6,108.7,104.4,69,10
1410,107.6,108.7,104.4,70,10
1411,107.8,108.7,104.7,71,10
1412,107.8,108.7,104.7,72,10
1413,107.8,108.7,104.7,73,10
1414,107.9,108.9,104.8,74,10
1415,107.9,108.9,104.8,75,10
1416,107.9,108.9,104.8,76,10
1417,108.0,109.1,104.8,77,10
1418,107.9,108.9,104.8,78,10
1419,107.8,108.5,104.8,79,10
1420,108.0,109.0,104.8,80,10
1421,108.0,109.0,104.8,81,10
1422,107.8,108.7,104.8,82,10
1423,107.7,108.4,104.8,83,10
1424,107.6,108.4,104.8,84,10
1425,107.4,108.0,104.8,85,10
1426,107.4,108.0,104.8,86,10
1427,107.2,107.5,105.0,87,10
1428,106.9,106.9,105.1,88,10
1429,106.8,106.8,105.3,89,10
1430,106.4,106.3,105.1,90,10
1431,106.4,106.3,105.1,91,10
1432,106.0,106.1,104.5,92,10
1433,105.8,105.7,104.5,93,10
1434,105.3,104.5,104.8,94,10
1435,105.7,104.8,105.2,95,10
1436,105.5,104.2,106.3,96,10
1437,105.9,104.5,106.5,97,10
1438,106.3,105.1,106.8,98,10
1439,106.3,105.0,106.8,99,10
1440,106.3,105.1,106.8,100,10
1441,106.4,105.1,106.8,101,10
1442,107.2,105.6,108.0,102,10
1443,108.1,107.0,108.5,103,10
1444,110.2,109.7,109.2,104,10
1445,111.5,111.6,109.8,105,10
1446,111.8,112.0,110.2,106,10
1447,111.9,111.9,110.4,107,10
1448,112.3,112.2,110.7,108,10
1449,116.3,115.3,112.5,109,10
1450,117.2,116.3,113.1,110,10
1451,118.9,115.4,117.3,111,10
1452,120.0,117.4,117.4,112,10
1453,119.7,118.4,115.5,113,10
1454,120.3,118.9,115.9,114,10
1455,120.8,119.7,116.1,115,10
1456,121.9,121.0,116.8,116,10
1457,123.3,122.6,117.6,117,10
1458,124.0,123.7,117.8,118,10
1459,124.1,123.9,117.9,119,10
1460,126.2,126.3,118.6,120,10
1461,127.0,126.7,119.7,121,10
1462,127.7,127.6,120.2,122,10
1463,127.9,127.8,120.6,123,10
1464,128.0,127.9,120.6,124,10
1465,128.1,127.9,120.8,125,10
1466,128.7,128.3,121.5,126,10
1467,128.7,128.3,121.5,127,10
1468,128.7,128.3,121.5,128,10
1469,127.8,127.6,120.4,129,10
1470,127.7,127.5,120.3,130,10
1471,127.6,127.4,120.2,131,10
1472,127.1,126.8,119.9,132,10
1473,126.8,126.4,119.8,133,10
